id,group,avg_bout_length_sec_drink,avg_bout_length_sec_food motivated,avg_bout_length_sec_groom,avg_bout_length_sec_move/explore,avg_bout_length_sec_move/explore - shelter,avg_bout_length_sec_rest/groom in shelter,max_bout_length_sec_drink,max_bout_length_sec_food motivated,max_bout_length_sec_groom,max_bout_length_sec_move/explore,max_bout_length_sec_move/explore - shelter,max_bout_length_sec_rest/groom in shelter,n_bouts_drink,n_bouts_food motivated,n_bouts_groom,n_bouts_move/explore,n_bouts_move/explore - shelter,n_bouts_rest/groom in shelter
1,dan_hfd_light,0.0,15.085714285714287,0.0,3.72,1.66,109.125,0.0,27.92,0.0,4.6,3.92,1224.16,0.0,7.0,0.0,3.0,20.0,64.0
1,dan_sd_light,0.0,6.815,3.26,5.12,1.696,152.93391304347827,0.0,21.44,4.0,6.96,3.64,996.08,0.0,8.0,2.0,2.0,20.0,46.0
1,fed,3.852,4.43,3.944,32.87827586206897,2.0752542372881355,16.433030303030304,6.4,19.12,9.0,200.96,8.12,210.68,10.0,12.0,20.0,116.0,118.0,132.0
1,veh_hfd_light,5.83,17.515,4.090526315789473,41.72129032258064,1.8727272727272728,75.47876923076923,8.48,88.28,12.16,292.36,5.68,1491.52,4.0,24.0,19.0,31.0,33.0,65.0
1,veh_sd_light,2.84,15.98857142857143,8.015,48.36923076923077,1.731111111111111,148.7541463414634,2.84,52.56,22.52,237.16,4.56,2460.2,1.0,7.0,16.0,13.0,18.0,41.0
2,dan_hfd_light,0.0,18.993846153846153,2.24,8.443636363636363,1.9288888888888889,123.97703703703705,0.0,47.64,2.32,16.64,3.6,1017.0,0.0,13.0,2.0,11.0,18.0,54.0
2,dan_sd_light,0.0,11.4288,3.5533333333333332,6.965714285714285,1.7111111111111112,145.60260869565218,0.0,72.72,5.56,17.2,3.32,1032.48,0.0,25.0,6.0,7.0,18.0,46.0
2,fed,6.466666666666666,4.54,13.796271186440679,10.792058823529413,1.8716666666666666,13.922058823529412,15.56,5.12,267.56,71.24,8.64,417.28,24.0,2.0,118.0,136.0,48.0,136.0
2,veh_hfd_light,2.16,14.12,0.0,34.769523809523804,2.31,51.39675675675676,2.16,82.16,0.0,172.12,9.24,1119.04,1.0,21.0,0.0,21.0,80.0,111.0
2,veh_sd_light,0.0,0.0,4.88,9.2,2.4090322580645163,148.51148936170213,0.0,0.0,4.88,17.96,5.8,1565.04,0.0,0.0,1.0,7.0,31.0,47.0
3,dan_hfd_light,0.0,15.792,0.0,9.727272727272727,1.945,81.0460759493671,0.0,61.96,0.0,30.24,5.4,1049.52,0.0,20.0,0.0,22.0,40.0,79.0
3,dan_sd_light,0.0,45.52,0.0,3.89,1.5345454545454547,150.3031111111111,0.0,144.52,0.0,4.4,3.24,1208.92,0.0,7.0,0.0,4.0,22.0,45.0
3,fed,3.26,12.156363636363638,6.187142857142857,67.25243243243243,1.755,6.123384615384615,4.24,33.08,15.12,335.68,5.64,89.12,4.0,11.0,28.0,74.0,88.0,130.0
3,veh_hfd_light,10.73,19.90153846153846,4.168,10.6375,2.0305454545454547,43.81054263565891,19.12,76.88,6.84,42.68,5.12,844.84,4.0,39.0,5.0,16.0,55.0,129.0
3,veh_sd_light,0.0,0.0,0.0,0.0,1.7542857142857142,198.35777777777778,0.0,0.0,0.0,0.0,2.92,1461.36,0.0,0.0,0.0,0.0,7.0,36.0
4,lira_sd,6.018461538461538,21.269523809523808,6.215737704918033,28.79151515151515,1.5783783783783785,42.261886792452835,14.6,121.12,23.76,172.24,2.64,813.68,13.0,42.0,61.0,99.0,37.0,53.0
4,saline_lira,10.570434782608695,29.752131147540986,6.9682352941176475,36.46578947368421,1.9030985915492957,12.189019607843138,20.36,140.4,18.6,315.0,6.96,123.2,23.0,61.0,34.0,76.0,71.0,102.0
5,lira_sd,6.35,9.458333333333334,9.932631578947369,29.092231404958678,1.9689473684210526,16.17084112149533,13.36,31.2,38.24,216.24,4.88,132.2,12.0,48.0,38.0,121.0,76.0,107.0
5,saline_lira,8.4864,9.408932038834951,4.33,26.760689655172413,1.8141538461538462,18.884859813084113,26.48,50.92,5.68,224.12,4.04,515.68,25.0,103.0,4.0,116.0,65.0,107.0
7,lira_sd,4.327272727272727,10.105882352941176,9.44344827586207,29.426774193548386,2.395636363636364,7.885977011494252,7.68,69.16,81.64,214.4,10.2,121.64,11.0,34.0,58.0,124.0,165.0,174.0
7,saline_lira,4.996470588235294,11.697222222222221,5.836,42.006206896551724,2.024935064935065,29.448842105263157,12.12,55.28,15.0,233.68,6.04,904.44,34.0,72.0,10.0,58.0,77.0,95.0
8,dan_sd,5.173333333333334,19.098,9.937142857142856,7.1575,1.7072,90.02,15.92,141.48,37.4,28.56,3.48,1601.6,12.0,20.0,35.0,32.0,25.0,64.0
8,lira_sd,8.764444444444445,23.432727272727274,5.1175,13.887368421052631,1.8214141414141414,18.791182795698923,20.48,140.36,13.52,83.92,6.64,711.84,9.0,22.0,32.0,114.0,99.0,186.0
8,saline_lira,10.60888888888889,18.60558139534884,5.451304347826087,15.72650406504065,1.8303614457831323,25.561801801801803,25.96,71.8,28.96,70.64,6.84,778.28,9.0,43.0,46.0,123.0,83.0,111.0
8,veh_sd,7.207058823529412,15.364444444444443,9.408888888888889,48.30227272727273,1.7227777777777777,12.848444444444445,12.76,89.16,89.6,234.16,8.4,116.32,17.0,45.0,36.0,88.0,72.0,90.0
9,fed,12.613333333333333,11.236153846153845,3.4485714285714284,8.5144,1.652054794520548,30.285549132947978,20.24,64.88,6.24,64.68,4.44,1177.4,9.0,52.0,14.0,50.0,73.0,173.0
10,fed,9.226666666666667,9.941538461538462,7.587294117647059,30.022758620689658,1.817,5.6425531914893625,19.08,69.2,34.88,190.24,6.48,72.92,6.0,26.0,85.0,116.0,160.0,235.0
11,lira_sd,5.4,9.93128205128205,6.392558139534884,7.311627906976744,1.8759550561797753,31.985149700598804,12.36,29.76,17.24,35.88,7.08,1234.24,9.0,39.0,43.0,43.0,89.0,167.0
11,saline_lira,12.562222222222221,11.772173913043478,6.421176470588235,11.459310344827585,1.7655045871559634,17.503035019455254,37.96,84.88,21.52,245.72,4.52,492.92,18.0,46.0,51.0,58.0,109.0,257.0
12,fed,6.285,12.939047619047619,6.877460317460317,9.736629213483146,1.7664705882352942,16.56953846153846,19.08,68.8,35.76,82.84,5.24,947.0,8.0,21.0,63.0,89.0,136.0,260.0
13,fed,4.18,6.05,8.164835164835164,26.11479674796748,1.8628169014084506,12.375225806451613,5.76,8.84,46.32,179.24,7.72,163.72,4.0,8.0,91.0,123.0,142.0,155.0
13,lira_sd,4.4675,20.38235294117647,9.23495145631068,25.92508474576271,1.7371428571428573,21.774426229508197,15.88,194.36,36.72,257.64,4.64,122.28,16.0,34.0,103.0,118.0,56.0,61.0
13,saline_lira,5.093999999999999,11.87,4.516666666666667,64.74877192982456,1.6186666666666667,27.00266666666667,10.48,81.76,16.16,277.04,3.52,149.24,20.0,84.0,12.0,57.0,45.0,60.0
20,LiCl,8.0,12.332799999999999,6.540392156862745,49.28536585365854,1.9181818181818182,26.198840579710144,12.48,97.12,22.6,373.4,4.0,251.04,9.0,25.0,51.0,82.0,44.0,69.0
20,saline_licl,4.953333333333333,21.020740740740738,6.607058823529412,68.7464705882353,1.597037037037037,25.108571428571427,10.6,55.44,19.96,532.12,3.4,240.08,24.0,27.0,17.0,68.0,27.0,49.0
23,LiCl,5.057142857142857,18.697777777777777,3.36,10.172307692307692,1.8745454545454547,49.27642276422765,8.96,80.32,5.84,34.6,4.08,1343.04,7.0,27.0,9.0,13.0,66.0,123.0
23,fed,4.52,0.0,5.063030303030303,75.40816326530611,2.076595744680851,23.948813559322033,9.12,0.0,15.44,262.48,10.92,685.16,7.0,0.0,33.0,49.0,47.0,118.0
23,no_inject,5.6872727272727275,26.867906976744184,4.03,36.027096774193545,1.7058823529411766,51.28190476190476,11.2,134.88,5.44,206.28,4.24,630.84,22.0,43.0,8.0,31.0,51.0,84.0
23,saline_licl,5.563076923076923,22.95448275862069,3.6171428571428574,76.508,1.764,13.973333333333333,12.64,65.8,6.44,561.92,7.12,121.92,13.0,29.0,7.0,70.0,50.0,39.0
24,LiCl,7.3,16.50758620689655,10.16,13.158148148148149,1.8405633802816903,26.07898305084746,13.44,81.08,45.72,146.12,5.8,645.04,16.0,58.0,74.0,108.0,71.0,118.0
24,fed,5.704444444444444,12.569454545454546,5.880408163265306,24.93433962264151,1.9702564102564102,3.968,13.2,106.32,16.72,163.96,7.04,44.96,18.0,55.0,98.0,159.0,78.0,55.0
24,no_inject,9.931111111111111,19.799148936170212,5.062857142857143,5.468,1.8254545454545452,44.624873949579836,18.2,141.44,11.2,15.8,4.96,701.44,18.0,47.0,14.0,20.0,77.0,119.0
24,saline_licl,6.334545454545455,23.049142857142854,2.62,25.172857142857143,1.703125,52.327619047619045,11.8,112.72,2.92,106.6,5.0,904.88,11.0,35.0,2.0,56.0,64.0,84.0
25,fed,4.4,7.464117647058823,6.290212765957446,20.671153846153846,2.1050746268656715,9.347096774193549,8.6,38.48,22.52,160.76,8.08,649.52,14.0,68.0,141.0,104.0,134.0,217.0
25,no_inject,6.021538461538462,10.02357142857143,4.018888888888889,8.965625,2.036363636363636,33.87851851851852,13.64,62.16,10.44,45.64,6.32,713.8,26.0,56.0,36.0,64.0,88.0,135.0
26,LiCl,5.396,11.563809523809523,17.764,9.3175,1.8748936170212767,51.3130909090909,8.92,76.68,82.56,39.84,5.44,1041.52,10.0,21.0,30.0,32.0,47.0,110.0
26,fed,4.887272727272728,14.755999999999998,7.90060606060606,23.340363636363637,1.9218181818181819,32.246476190476194,11.44,61.64,23.72,105.8,8.96,597.56,11.0,10.0,33.0,110.0,66.0,105.0
26,no_inject,5.934,18.388965517241378,4.256470588235294,44.77483146067416,1.8276923076923077,14.546835443037974,17.44,90.2,7.4,240.44,5.32,172.12,20.0,58.0,17.0,89.0,52.0,79.0
26,saline_licl,4.95,22.1025,3.48,18.154545454545456,2.280842105263158,38.072761904761904,8.64,103.04,5.0,262.8,8.44,887.48,8.0,32.0,6.0,88.0,95.0,105.0
27,LiCl,8.97,25.106666666666666,6.555294117647058,34.7940350877193,1.9663865546218489,8.794285714285714,30.04,78.68,29.36,227.28,5.48,120.24,20.0,18.0,51.0,114.0,119.0,161.0
27,saline_licl,9.544444444444444,25.17391304347826,4.377142857142857,51.92347826086957,2.03,8.67529411764706,34.16,117.16,9.68,365.08,5.28,156.52,18.0,23.0,14.0,92.0,68.0,102.0
69,dan_sd,5.528,17.774444444444445,7.248235294117648,41.124705882352934,2.0272727272727273,115.35515151515152,12.64,80.96,28.36,242.2,4.88,1046.68,5.0,36.0,34.0,51.0,22.0,33.0
69,veh_sd,4.0,10.093538461538461,3.601428571428572,17.63632183908046,1.9011764705882355,34.50127659574468,6.24,73.48,13.24,84.36,5.48,566.2,4.0,130.0,28.0,174.0,34.0,47.0
93,orfo,4.827368421052632,12.023076923076923,9.474098360655738,12.809767441860465,4.292054794520548,8.522372881355931,8.68,162.32,132.12,178.8,39.12,113.48,19.0,78.0,122.0,172.0,73.0,118.0
93,saline_orfo,4.94,9.909610389610389,5.823673469387756,23.21685534591195,5.94788990825688,4.590810810810811,7.88,56.24,28.4,219.96,49.04,26.6,6.0,77.0,49.0,159.0,109.0,74.0
96,orfo,9.978181818181818,14.601600000000001,7.314782608695652,92.07461538461538,1.777,21.676363636363636,24.76,64.28,38.0,485.28,6.12,209.28,22.0,25.0,23.0,52.0,40.0,55.0
96,saline_orfo,11.693846153846154,12.692307692307693,4.778947368421052,74.18440677966102,1.8520930232558142,22.52230769230769,31.28,88.8,12.44,333.92,7.32,248.24,26.0,39.0,19.0,59.0,43.0,52.0
253,dan_sd,6.83304347826087,21.337272727272726,6.181052631578947,35.88382978723404,1.711818181818182,22.875733333333333,21.16,122.96,19.72,279.84,4.96,244.32,23.0,44.0,38.0,94.0,44.0,75.0
253,veh_sd,9.521290322580645,22.353809523809524,7.896470588235294,13.036363636363637,1.9965217391304346,51.693999999999996,22.68,155.64,35.08,119.84,5.88,620.64,31.0,84.0,34.0,66.0,46.0,60.0
287,dan_sd,8.491428571428571,20.733333333333334,4.05,45.5767032967033,1.7780281690140844,13.852727272727272,19.08,73.24,9.28,245.16,4.52,85.12,7.0,24.0,12.0,91.0,71.0,132.0
287,veh_sd,8.978666666666667,19.633939393939396,7.16,91.46142857142857,1.7475,14.24,14.12,76.76,7.16,391.16,3.6,64.28,15.0,33.0,1.0,56.0,48.0,63.0
712,dan_sd,0.0,13.64377358490566,8.48081081081081,11.48338028169014,1.8028571428571427,16.234962962962964,0.0,64.0,60.76,97.52,4.56,281.4,0.0,53.0,148.0,142.0,70.0,135.0
712,veh_sd,8.264444444444445,14.611707317073172,8.934237288135593,27.559076923076923,1.857037037037037,8.632307692307693,17.64,58.44,48.08,269.2,3.88,70.24,18.0,41.0,118.0,130.0,54.0,52.0
718,dan_sd,5.76,22.085714285714285,7.06,26.6816,1.9717073170731707,54.511372549019605,5.76,73.6,29.08,258.32,5.68,671.64,1.0,28.0,12.0,25.0,41.0,102.0
718,veh_sd,7.851428571428571,11.933333333333332,4.954,62.91304347826087,1.8055555555555554,39.126451612903224,18.36,68.12,12.04,390.6,4.04,221.04,14.0,87.0,20.0,46.0,36.0,62.0
720,dan_sd,6.811428571428571,15.692063492063491,8.776,15.027118644067796,1.6490322580645163,62.34360655737705,15.8,78.88,59.4,119.92,3.96,1439.2,7.0,63.0,80.0,59.0,31.0,61.0
720,veh_sd,5.6175999999999995,16.44121212121212,7.990526315789474,30.841834862385323,2.231,9.930461538461538,11.88,131.16,70.76,195.76,4.84,128.08,25.0,66.0,76.0,109.0,40.0,65.0
786,dan_sd,2.08,8.83,13.936538461538461,37.13192307692307,2.121111111111111,17.972093023255812,2.08,21.92,189.12,241.64,4.2,129.12,1.0,16.0,104.0,104.0,36.0,43.0
786,veh_sd,10.53103448275862,19.56875,8.157142857142857,57.84461538461538,1.840754716981132,19.562978723404257,29.08,114.84,19.48,305.04,5.24,299.88,29.0,64.0,14.0,52.0,53.0,94.0
1006,dan_sd,5.982857142857143,12.86051282051282,3.877894736842105,34.22753623188406,1.7186440677966102,14.676266666666669,11.56,44.28,8.28,223.56,6.32,140.96,28.0,39.0,19.0,138.0,59.0,75.0
1006,veh_sd,9.073548387096775,21.369166666666665,4.016470588235294,37.92093023255814,1.7109859154929579,15.873793103448277,20.12,86.56,8.6,214.0,4.72,183.68,31.0,48.0,17.0,86.0,71.0,116.0
1046,dan_hfd_light,0.0,13.206315789473683,0.0,5.973333333333334,1.6125,57.968275862068964,0.0,28.92,0.0,7.6,4.12,1290.12,0.0,19.0,0.0,3.0,32.0,116.0
1046,dan_sd_light,0.0,0.0,0.0,7.24,2.401095890410959,116.00528925619834,0.0,0.0,0.0,7.84,6.32,2918.4,0.0,0.0,0.0,2.0,73.0,121.0
1046,veh_hfd_light,8.246666666666666,25.615,2.24,5.585,2.1521052631578947,41.87856115107914,12.96,96.0,2.24,8.64,4.76,740.36,6.0,32.0,1.0,8.0,76.0,139.0
1048,dan_hfd_light,0.0,12.260645161290322,0.0,4.951111111111111,1.804,45.802285714285716,0.0,47.0,0.0,10.64,4.48,1049.56,0.0,31.0,0.0,9.0,50.0,140.0
1048,dan_sd_light,0.0,7.0,9.01142857142857,5.948571428571429,1.7094117647058824,51.70584615384615,0.0,17.68,22.0,11.84,4.12,838.8,0.0,13.0,7.0,7.0,34.0,130.0
1048,veh_hfd_light,8.32,16.28571428571429,2.08,8.221333333333334,1.785,38.692549019607846,8.32,81.28,2.08,22.88,4.88,1039.52,1.0,42.0,1.0,15.0,72.0,153.0
1048,veh_sd_light,0.0,0.0,0.0,0.0,1.822608695652174,67.06628571428571,0.0,0.0,0.0,0.0,4.32,1049.12,0.0,0.0,0.0,0.0,23.0,105.0
1207,dan_hfd_light,0.0,9.14857142857143,0.0,9.152000000000001,1.565185185185185,54.27934959349594,0.0,20.6,0.0,37.76,5.32,1274.2,0.0,14.0,0.0,15.0,54.0,123.0
1207,dan_sd_light,0.0,26.26,2.4,4.76,1.6222222222222222,133.25692307692307,0.0,55.68,2.4,4.76,2.6,813.04,0.0,8.0,1.0,1.0,9.0,52.0
1207,lira_sd,5.725714285714286,5.093333333333333,7.801904761904762,30.375897435897436,1.828,51.55090909090909,13.2,12.52,33.68,178.96,3.88,1007.36,7.0,9.0,63.0,78.0,40.0,66.0
1207,saline_lira,7.861111111111111,12.701428571428572,3.293333333333333,42.974871794871795,1.681980198019802,15.351489361702127,20.2,51.16,7.16,238.0,5.08,280.44,36.0,56.0,6.0,78.0,101.0,141.0
1207,veh_hfd_light,5.466666666666666,15.68,0.0,8.915294117647058,1.8644660194174756,35.463815028901735,7.48,45.24,0.0,30.6,6.16,697.16,3.0,27.0,0.0,17.0,103.0,173.0
1207,veh_sd_light,4.902857142857143,13.564285714285713,5.424615384615384,11.940869565217392,2.168985507246377,23.08123348017621,9.92,81.96,13.36,49.76,10.4,676.8,7.0,28.0,13.0,46.0,138.0,227.0
1208,dan_hfd_light,4.84,16.82814814814815,6.0,11.0225,1.8273333333333333,44.56142857142857,5.28,99.28,6.0,79.36,5.24,824.24,2.0,27.0,1.0,16.0,60.0,140.0
1208,dan_sd_light,0.0,7.394285714285714,7.131428571428571,11.584000000000001,1.7885714285714287,92.85260273972602,0.0,27.72,14.24,17.56,2.44,1634.24,0.0,7.0,7.0,5.0,7.0,73.0
1208,lira_sd,3.52,21.3152,4.256666666666667,34.664242424242424,1.9088524590163933,45.26578947368421,3.52,95.12,13.0,197.88,4.76,1652.32,1.0,25.0,24.0,66.0,61.0,76.0
1208,saline_lira,3.8053333333333335,23.984186046511628,5.095384615384615,45.52281690140845,1.8189830508474578,26.697,9.0,84.44,12.96,124.56,3.8,978.32,15.0,43.0,13.0,71.0,59.0,80.0
1208,veh_hfd_light,8.68,14.248163265306124,5.8,9.314285714285715,1.9058823529411766,29.406736842105264,11.12,86.52,12.12,26.4,4.32,705.08,7.0,49.0,3.0,14.0,85.0,190.0
1208,veh_sd_light,4.1,9.491851851851852,7.22,15.774545454545455,2.953650793650793,33.95634146341463,6.76,29.64,12.4,46.28,14.08,548.0,4.0,27.0,2.0,33.0,126.0,164.0
1209,dan_hfd_light,0.0,19.61684210526316,4.2,5.851428571428571,1.7519999999999998,69.3295652173913,0.0,40.84,11.32,10.88,3.12,495.84,0.0,19.0,14.0,21.0,25.0,92.0
1209,dan_sd_light,0.0,10.72888888888889,3.493333333333333,6.8966666666666665,1.4880000000000002,120.90877192982457,0.0,29.72,5.24,17.24,2.32,926.44,0.0,9.0,6.0,12.0,10.0,57.0
1209,veh_hfd_light,9.773333333333333,22.305,3.36,7.26,1.856551724137931,109.56203389830509,11.12,61.0,3.36,16.76,3.6,1178.36,3.0,16.0,1.0,16.0,29.0,59.0
1209,veh_sd_light,8.146666666666667,18.42608695652174,3.88,8.378,1.9932584269662923,39.756190476190476,11.36,66.6,9.84,32.72,4.92,1820.6,3.0,23.0,11.0,40.0,89.0,147.0
1613,lira_sd,5.786666666666666,24.3341935483871,7.66625,11.333451327433629,1.76,98.46755555555555,7.24,98.12,27.52,46.6,3.64,1559.2,3.0,31.0,32.0,113.0,26.0,45.0
1613,saline_lira,7.012857142857143,10.609345794392523,5.845217391304348,30.61953488372093,1.9026666666666667,12.687777777777779,20.48,50.92,17.24,169.72,6.72,122.04,28.0,107.0,23.0,129.0,30.0,72.0
1615,lira_sd,0.0,19.691692307692307,9.8896,13.725263157894737,1.8786666666666667,56.71654320987655,0.0,198.88,53.56,64.12,3.76,656.24,0.0,65.0,25.0,38.0,30.0,81.0
1615,saline_lira,11.0575,23.089615384615385,10.748,23.470588235294116,2.2227450980392156,33.10333333333333,31.8,297.8,50.24,98.6,6.56,879.2,16.0,104.0,20.0,51.0,51.0,72.0
1627,dan_hfd_light,0.0,9.376,0.0,4.84,1.8892307692307693,146.23829787234044,0.0,20.16,0.0,5.92,4.44,1100.4,0.0,5.0,0.0,2.0,13.0,47.0
1627,dan_sd_light,0.0,23.46,0.0,6.373333333333334,1.96,254.62666666666667,0.0,88.56,0.0,8.84,4.08,3601.4,0.0,10.0,0.0,3.0,10.0,27.0
1627,veh_hfd_light,0.0,46.276,0.0,5.44,1.5619999999999998,147.87466666666668,0.0,160.44,0.0,5.44,3.36,1099.36,0.0,10.0,0.0,1.0,20.0,45.0
1627,veh_sd_light,0.0,0.0,0.0,0.0,1.6742857142857142,238.35333333333332,0.0,0.0,0.0,0.0,2.84,1485.2,0.0,0.0,0.0,0.0,7.0,30.0
1628,dan_hfd_light,0.0,18.265,5.5,9.636666666666667,1.9830769230769232,96.84869565217392,0.0,43.68,15.96,23.36,4.04,1058.6,0.0,8.0,6.0,12.0,26.0,69.0
1628,dan_sd_light,0.0,14.79,4.43,10.43,1.87,108.99936507936508,0.0,31.12,7.96,17.84,3.36,925.68,0.0,8.0,4.0,4.0,16.0,63.0
1628,veh_hfd_light,12.42,39.7936,3.6,6.113333333333333,1.641081081081081,68.19529411764707,29.24,108.52,3.6,13.68,2.88,810.48,6.0,25.0,1.0,12.0,37.0,85.0
1628,veh_sd_light,14.34,26.131999999999998,14.158,6.728421052631579,1.9260377358490566,37.3320245398773,26.6,83.28,41.32,15.76,7.2,622.92,2.0,10.0,20.0,19.0,53.0,163.0
1710,LiCl,5.96,11.053333333333333,8.692444444444444,43.77897435897435,1.7093333333333334,47.77142857142857,12.96,80.28,30.68,266.44,3.52,372.36,9.0,18.0,45.0,78.0,30.0,56.0
1710,orfo,9.04,29.015555555555558,6.5120000000000005,40.09859649122807,2.0745454545454547,27.807111111111112,18.8,138.56,10.6,168.04,6.24,533.0,13.0,18.0,5.0,114.0,22.0,45.0
1710,saline_licl,5.2,15.093333333333332,11.044705882352941,68.6980281690141,2.135686274509804,29.04695652173913,9.88,48.48,41.56,272.08,6.6,637.88,8.0,15.0,17.0,71.0,51.0,46.0
1710,saline_orfo,5.635294117647058,16.246153846153845,4.571428571428572,54.08468085106383,1.8606060606060606,14.830344827586208,11.32,81.16,17.8,238.48,7.6,114.84,17.0,52.0,14.0,94.0,33.0,29.0
1788,orfo,5.367000000000001,21.7075,3.4327272727272726,22.545,1.7746031746031747,24.27168316831683,22.76,137.08,6.44,153.88,5.64,691.8,40.0,32.0,11.0,88.0,63.0,101.0
1788,saline_orfo,4.872631578947368,15.09578947368421,4.64,34.640701754385965,1.8693577981651375,25.421068702290075,12.56,53.68,5.0,265.28,6.56,717.4,38.0,38.0,2.0,57.0,109.0,131.0
1789,orfo,7.329411764705883,11.60888888888889,8.569230769230769,26.93041420118343,1.7846666666666666,4.07438596491228,16.4,49.28,61.92,283.08,5.72,27.08,17.0,54.0,65.0,169.0,60.0,57.0
1789,saline_orfo,6.6923076923076925,10.775304347826086,11.324137931034484,27.026771653543307,1.9298039215686273,4.05504,13.32,50.32,61.52,247.96,8.08,42.28,26.0,115.0,58.0,127.0,102.0,125.0
1790,LiCl,8.592727272727272,11.0525,4.3566666666666665,8.6,1.8597701149425288,45.58176,16.6,65.24,9.96,52.88,4.32,1002.68,11.0,32.0,12.0,47.0,87.0,125.0
1790,orfo,6.394285714285714,8.265714285714285,4.314285714285714,45.501728395061726,1.6571428571428573,24.554947368421054,28.56,49.08,10.76,232.44,4.36,677.4,21.0,28.0,21.0,81.0,70.0,95.0
1790,saline_licl,7.1753846153846155,16.29,2.88,38.800444444444445,2.088188976377953,12.147045454545456,22.6,48.68,5.0,193.08,7.44,674.84,26.0,36.0,7.0,90.0,127.0,176.0
1790,saline_orfo,9.76421052631579,14.29,2.42,60.13518987341772,1.7035897435897436,10.320808080808082,21.44,46.32,2.8,292.68,5.12,60.0,19.0,48.0,2.0,79.0,78.0,99.0
1836,orfo,5.09578947368421,11.206842105263158,5.972830188679245,18.481714285714286,1.613217391304348,11.835,11.8,83.84,18.28,110.8,4.6,72.56,38.0,76.0,53.0,140.0,115.0,136.0
1836,saline_orfo,4.969032258064516,13.220666666666666,6.272452830188679,10.201428571428572,1.6362616822429907,16.625531914893617,12.88,89.2,28.68,61.24,2.88,314.72,31.0,120.0,53.0,112.0,107.0,141.0
1837,orfo,6.026666666666666,13.274545454545455,5.841428571428571,43.95547826086957,1.7939130434782609,11.08156862745098,20.32,128.2,20.96,276.32,5.24,66.28,21.0,44.0,28.0,115.0,46.0,51.0
1837,saline_orfo,6.5360000000000005,16.722,4.113333333333333,41.508148148148145,1.6677551020408163,18.29074626865672,22.0,122.16,6.24,254.68,3.92,107.92,30.0,40.0,6.0,108.0,49.0,67.0
2782,orfo,7.212173913043479,9.822222222222221,6.187628865979382,34.34311926605505,1.6881818181818182,15.6,12.36,34.04,20.8,275.2,4.68,68.08,23.0,45.0,97.0,109.0,44.0,63.0
2782,saline_orfo,9.377777777777778,17.962388059701492,9.393684210526315,29.286511627906975,1.704,21.4725,33.12,86.6,164.36,235.44,3.52,194.76,27.0,67.0,95.0,86.0,45.0,48.0
2784,orfo,12.32857142857143,18.961176470588235,4.75764705882353,43.29833333333333,1.774468085106383,11.017575757575758,31.04,147.56,14.72,338.08,4.68,75.32,14.0,68.0,17.0,96.0,47.0,66.0
2784,saline_orfo,9.018461538461539,6.290526315789474,9.534117647058823,55.54526315789473,1.8555555555555554,9.883,21.72,18.52,46.52,437.68,5.6,48.92,13.0,38.0,51.0,95.0,36.0,40.0
2785,orfo,7.904827586206896,27.557368421052633,5.0445714285714285,22.57179487179487,2.1258536585365855,43.12489795918367,18.04,166.88,15.64,304.56,6.56,461.6,29.0,76.0,35.0,78.0,41.0,49.0
2785,saline_orfo,7.795714285714285,37.04177777777778,4.265454545454546,33.25333333333334,2.105,53.064262295081974,14.2,130.28,9.72,191.92,7.8,777.68,28.0,45.0,11.0,45.0,40.0,61.0
