"id","group","avg_bout_length_sec_drink","avg_bout_length_sec_food motivated","avg_bout_length_sec_groom","avg_bout_length_sec_move/explore","avg_bout_length_sec_move/explore - shelter","avg_bout_length_sec_rest/groom in shelter","max_bout_length_sec_drink","max_bout_length_sec_food motivated","max_bout_length_sec_groom","max_bout_length_sec_move/explore","max_bout_length_sec_move/explore - shelter","max_bout_length_sec_rest/groom in shelter","n_bouts_drink","n_bouts_food motivated","n_bouts_groom","n_bouts_move/explore","n_bouts_move/explore - shelter","n_bouts_rest/groom in shelter"
1,"fed",3.852,4.43,3.944,32.878275862069,2.07525423728814,16.4330303030303,6.4,19.12,9,200.96,8.12,210.68,10,12,20,116,118,132
2,"fed",6.46666666666667,4.54,13.7962711864407,10.7920588235294,1.87166666666667,13.9220588235294,15.56,5.12,267.56,71.24,8.64,417.28,24,2,118,136,48,136
3,"fed",3.26,12.1563636363636,6.18714285714286,67.2524324324324,1.755,6.12338461538461,4.24,33.08,15.12,335.68,5.64,89.12,4,11,28,74,88,130
4,"lira_sd",6.01846153846154,21.2695238095238,6.21573770491803,28.7915151515151,1.57837837837838,42.2618867924528,14.6,121.12,23.76,172.24,2.64,813.68,13,42,61,99,37,53
4,"saline_lira",10.5704347826087,29.752131147541,6.96823529411765,36.4657894736842,1.9030985915493,12.1890196078431,20.36,140.4,18.6,315,6.96,123.2,23,61,34,76,71,102
5,"lira_sd",6.35,9.45833333333333,9.93263157894737,29.0922314049587,1.96894736842105,16.1708411214953,13.36,31.2,38.24,216.24,4.88,132.2,12,48,38,121,76,107
5,"saline_lira",8.4864,9.40893203883495,4.33,26.7606896551724,1.81415384615385,18.8848598130841,26.48,50.92,5.68,224.12,4.04,515.68,25,103,4,116,65,107
7,"lira_sd",4.32727272727273,10.1058823529412,9.44344827586207,29.4267741935484,2.39563636363636,7.88597701149425,7.68,69.16,81.64,214.4,10.2,121.64,11,34,58,124,165,174
7,"saline_lira",4.99647058823529,11.6972222222222,5.836,42.0062068965517,2.02493506493507,29.4488421052632,12.12,55.28,15,233.68,6.04,904.44,34,72,10,58,77,95
8,"dan_sd",5.17333333333333,19.098,9.93714285714286,7.1575,1.7072,90.02,15.92,141.48,37.4,28.56,3.48,1601.6,12,20,35,32,25,64
8,"lira_sd",8.76444444444444,23.4327272727273,5.1175,13.8873684210526,1.82141414141414,18.7911827956989,20.48,140.36,13.52,83.92,6.64,711.84,9,22,32,114,99,186
8,"saline_lira",10.6088888888889,18.6055813953488,5.45130434782609,15.7265040650407,1.83036144578313,25.5618018018018,25.96,71.8,28.96,70.64,6.84,778.28,9,43,46,123,83,111
8,"veh_sd",7.20705882352941,15.3644444444444,9.40888888888889,48.3022727272727,1.72277777777778,12.8484444444444,12.76,89.16,89.6,234.16,8.4,116.32,17,45,36,88,72,90
9,"fed",12.6133333333333,11.2361538461538,3.44857142857143,8.5144,1.65205479452055,30.285549132948,20.24,64.88,6.24,64.68,4.44,1177.4,9,52,14,50,73,173
10,"fed",9.22666666666667,9.94153846153846,7.58729411764706,30.0227586206897,1.817,5.64255319148936,19.08,69.2,34.88,190.24,6.48,72.92,6,26,85,116,160,235
12,"fed",6.285,12.9390476190476,6.87746031746032,9.73662921348315,1.76647058823529,16.5695384615385,19.08,68.8,35.76,82.84,5.24,947,8,21,63,89,136,260
13,"fed",4.18,6.05,8.16483516483516,26.1147967479675,1.86281690140845,12.3752258064516,5.76,8.84,46.32,179.24,7.72,163.72,4,8,91,123,142,155
13,"lira_sd",4.4675,20.3823529411765,9.23495145631068,25.9250847457627,1.73714285714286,21.7744262295082,15.88,194.36,36.72,257.64,4.64,122.28,16,34,103,118,56,61
13,"saline_lira",5.094,11.87,4.51666666666667,64.7487719298246,1.61866666666667,27.0026666666667,10.48,81.76,16.16,277.04,3.52,149.24,20,84,12,57,45,60
20,"LiCl",8,12.3328,6.54039215686274,49.2853658536585,1.91818181818182,26.1988405797101,12.48,97.12,22.6,373.4,4,251.04,9,25,51,82,44,69
20,"saline_licl",4.95333333333333,21.0207407407407,6.60705882352941,68.7464705882353,1.59703703703704,25.1085714285714,10.6,55.44,19.96,532.12,3.4,240.08,24,27,17,68,27,49
23,"LiCl",5.05714285714286,18.6977777777778,3.36,10.1723076923077,1.87454545454545,49.2764227642276,8.96,80.32,5.84,34.6,4.08,1343.04,7,27,9,13,66,123
23,"fed",4.52,0,5.0630303030303,75.4081632653061,2.07659574468085,23.948813559322,9.12,0,15.44,262.48,10.92,685.16,7,0,33,49,47,118
23,"saline_licl",5.56307692307692,22.9544827586207,3.61714285714286,76.508,1.764,13.9733333333333,12.64,65.8,6.44,561.92,7.12,121.92,13,29,7,70,50,39
25,"fed",4.4,7.46411764705882,6.29021276595745,20.6711538461538,2.10507462686567,9.34709677419355,8.6,38.48,22.52,160.76,8.08,649.52,14,68,141,104,134,217
26,"LiCl",5.396,11.5638095238095,17.764,9.3175,1.87489361702128,51.3130909090909,8.92,76.68,82.56,39.84,5.44,1041.52,10,21,30,32,47,110
26,"fed",4.88727272727273,14.756,7.90060606060606,23.3403636363636,1.92181818181818,32.2464761904762,11.44,61.64,23.72,105.8,8.96,597.56,11,10,33,110,66,105
26,"saline_licl",4.95,22.1025,3.48,18.1545454545455,2.28084210526316,38.0727619047619,8.64,103.04,5,262.8,8.44,887.48,8,32,6,88,95,105
27,"LiCl",8.97,25.1066666666667,6.55529411764706,34.7940350877193,1.96638655462185,8.79428571428571,30.04,78.68,29.36,227.28,5.48,120.24,20,18,51,114,119,161
27,"saline_licl",9.54444444444444,25.1739130434783,4.37714285714286,51.9234782608696,2.03,8.67529411764706,34.16,117.16,9.68,365.08,5.28,156.52,18,23,14,92,68,102
69,"dan_sd",5.528,17.7744444444444,7.24823529411765,41.1247058823529,2.02727272727273,115.355151515152,12.64,80.96,28.36,242.2,4.88,1046.68,5,36,34,51,22,33
69,"veh_sd",4,10.0935384615385,3.60142857142857,17.6363218390805,1.90117647058824,34.5012765957447,6.24,73.48,13.24,84.36,5.48,566.2,4,130,28,174,34,47
96,"orfo",9.97818181818182,14.6016,7.31478260869565,92.0746153846154,1.777,21.6763636363636,24.76,64.28,38,485.28,6.12,209.28,22,25,23,52,40,55
96,"saline_orfo",11.6938461538462,12.6923076923077,4.77894736842105,74.184406779661,1.85209302325581,22.5223076923077,31.28,88.8,12.44,333.92,7.32,248.24,26,39,19,59,43,52
253,"dan_sd",6.83304347826087,21.3372727272727,6.18105263157895,35.883829787234,1.71181818181818,22.8757333333333,21.16,122.96,19.72,279.84,4.96,244.32,23,44,38,94,44,75
253,"veh_sd",9.52129032258064,22.3538095238095,7.89647058823529,13.0363636363636,1.99652173913043,51.694,22.68,155.64,35.08,119.84,5.88,620.64,31,84,34,66,46,60
287,"dan_sd",8.49142857142857,20.7333333333333,4.05,45.5767032967033,1.77802816901408,13.8527272727273,19.08,73.24,9.28,245.16,4.52,85.12,7,24,12,91,71,132
287,"veh_sd",8.97866666666667,19.6339393939394,7.16,91.4614285714286,1.7475,14.24,14.12,76.76,7.16,391.16,3.6,64.28,15,33,1,56,48,63
712,"dan_sd",0,13.6437735849057,8.48081081081081,11.4833802816901,1.80285714285714,16.234962962963,0,64,60.76,97.52,4.56,281.4,0,53,148,142,70,135
712,"veh_sd",8.26444444444444,14.6117073170732,8.93423728813559,27.5590769230769,1.85703703703704,8.63230769230769,17.64,58.44,48.08,269.2,3.88,70.24,18,41,118,130,54,52
718,"dan_sd",5.76,22.0857142857143,7.06,26.6816,1.97170731707317,54.5113725490196,5.76,73.6,29.08,258.32,5.68,671.64,1,28,12,25,41,102
718,"veh_sd",7.85142857142857,11.9333333333333,4.954,62.9130434782609,1.80555555555556,39.1264516129032,18.36,68.12,12.04,390.6,4.04,221.04,14,87,20,46,36,62
720,"dan_sd",6.81142857142857,15.6920634920635,8.776,15.0271186440678,1.64903225806452,62.3436065573771,15.8,78.88,59.4,119.92,3.96,1439.2,7,63,80,59,31,61
720,"veh_sd",5.6176,16.4412121212121,7.99052631578947,30.8418348623853,2.231,9.93046153846154,11.88,131.16,70.76,195.76,4.84,128.08,25,66,76,109,40,65
786,"dan_sd",2.08,8.83,13.9365384615385,37.1319230769231,2.12111111111111,17.9720930232558,2.08,21.92,189.12,241.64,4.2,129.12,1,16,104,104,36,43
786,"veh_sd",10.5310344827586,19.56875,8.15714285714286,57.8446153846154,1.84075471698113,19.5629787234043,29.08,114.84,19.48,305.04,5.24,299.88,29,64,14,52,53,94
1006,"dan_sd",5.98285714285714,12.8605128205128,3.87789473684211,34.2275362318841,1.71864406779661,14.6762666666667,11.56,44.28,8.28,223.56,6.32,140.96,28,39,19,138,59,75
1006,"veh_sd",9.07354838709678,21.3691666666667,4.01647058823529,37.9209302325581,1.71098591549296,15.8737931034483,20.12,86.56,8.6,214,4.72,183.68,31,48,17,86,71,116
1207,"lira_sd",5.72571428571429,5.09333333333333,7.80190476190476,30.3758974358974,1.828,51.5509090909091,13.2,12.52,33.68,178.96,3.88,1007.36,7,9,63,78,40,66
1207,"saline_lira",7.86111111111111,12.7014285714286,3.29333333333333,42.9748717948718,1.6819801980198,15.3514893617021,20.2,51.16,7.16,238,5.08,280.44,36,56,6,78,101,141
1208,"lira_sd",3.52,21.3152,4.25666666666667,34.6642424242424,1.90885245901639,45.2657894736842,3.52,95.12,13,197.88,4.76,1652.32,1,25,24,66,61,76
1208,"saline_lira",3.80533333333333,23.9841860465116,5.09538461538462,45.5228169014084,1.81898305084746,26.697,9,84.44,12.96,124.56,3.8,978.32,15,43,13,71,59,80
1613,"lira_sd",5.78666666666667,24.3341935483871,7.66625,11.3334513274336,1.76,98.4675555555556,7.24,98.12,27.52,46.6,3.64,1559.2,3,31,32,113,26,45
1613,"saline_lira",7.01285714285714,10.6093457943925,5.84521739130435,30.6195348837209,1.90266666666667,12.6877777777778,20.48,50.92,17.24,169.72,6.72,122.04,28,107,23,129,30,72
1615,"lira_sd",0,19.6916923076923,9.8896,13.7252631578947,1.87866666666667,56.7165432098765,0,198.88,53.56,64.12,3.76,656.24,0,65,25,38,30,81
1615,"saline_lira",11.0575,23.0896153846154,10.748,23.4705882352941,2.22274509803922,33.1033333333333,31.8,297.8,50.24,98.6,6.56,879.2,16,104,20,51,51,72
1710,"LiCl",5.96,11.0533333333333,8.69244444444444,43.7789743589744,1.70933333333333,47.7714285714286,12.96,80.28,30.68,266.44,3.52,372.36,9,18,45,78,30,56
1710,"orfo",9.04,29.0155555555556,6.512,40.0985964912281,2.07454545454545,27.8071111111111,18.8,138.56,10.6,168.04,6.24,533,13,18,5,114,22,45
1710,"saline_licl",5.2,15.0933333333333,11.0447058823529,68.6980281690141,2.1356862745098,29.0469565217391,9.88,48.48,41.56,272.08,6.6,637.88,8,15,17,71,51,46
1710,"saline_orfo",5.63529411764706,16.2461538461538,4.57142857142857,54.0846808510638,1.86060606060606,14.8303448275862,11.32,81.16,17.8,238.48,7.6,114.84,17,52,14,94,33,29
1788,"orfo",5.367,21.7075,3.43272727272727,22.545,1.77460317460317,24.2716831683168,22.76,137.08,6.44,153.88,5.64,691.8,40,32,11,88,63,101
1788,"saline_orfo",4.87263157894737,15.0957894736842,4.64,34.640701754386,1.86935779816514,25.4210687022901,12.56,53.68,5,265.28,6.56,717.4,38,38,2,57,109,131
1789,"orfo",7.32941176470588,11.6088888888889,8.56923076923077,26.9304142011834,1.78466666666667,4.07438596491228,16.4,49.28,61.92,283.08,5.72,27.08,17,54,65,169,60,57
1789,"saline_orfo",6.69230769230769,10.7753043478261,11.3241379310345,27.0267716535433,1.92980392156863,4.05504,13.32,50.32,61.52,247.96,8.08,42.28,26,115,58,127,102,125
1790,"LiCl",8.59272727272727,11.0525,4.35666666666667,8.6,1.85977011494253,45.58176,16.6,65.24,9.96,52.88,4.32,1002.68,11,32,12,47,87,125
1790,"orfo",6.39428571428571,8.26571428571429,4.31428571428571,45.5017283950617,1.65714285714286,24.5549473684211,28.56,49.08,10.76,232.44,4.36,677.4,21,28,21,81,70,95
1790,"saline_licl",7.17538461538462,16.29,2.88,38.8004444444444,2.08818897637795,12.1470454545455,22.6,48.68,5,193.08,7.44,674.84,26,36,7,90,127,176
1790,"saline_orfo",9.76421052631579,14.29,2.42,60.1351898734177,1.70358974358974,10.3208080808081,21.44,46.32,2.8,292.68,5.12,60,19,48,2,79,78,99
1836,"orfo",5.09578947368421,11.2068421052632,5.97283018867924,18.4817142857143,1.61321739130435,11.835,11.8,83.84,18.28,110.8,4.6,72.56,38,76,53,140,115,136
1836,"saline_orfo",4.96903225806452,13.2206666666667,6.27245283018868,10.2014285714286,1.63626168224299,16.6255319148936,12.88,89.2,28.68,61.24,2.88,314.72,31,120,53,112,107,141
1837,"orfo",6.02666666666667,13.2745454545455,5.84142857142857,43.9554782608696,1.79391304347826,11.081568627451,20.32,128.2,20.96,276.32,5.24,66.28,21,44,28,115,46,51
1837,"saline_orfo",6.536,16.722,4.11333333333333,41.5081481481481,1.66775510204082,18.2907462686567,22,122.16,6.24,254.68,3.92,107.92,30,40,6,108,49,67
2782,"orfo",7.21217391304348,9.82222222222222,6.18762886597938,34.343119266055,1.68818181818182,15.6,12.36,34.04,20.8,275.2,4.68,68.08,23,45,97,109,44,63
2782,"saline_orfo",9.37777777777778,17.9623880597015,9.39368421052632,29.286511627907,1.704,21.4725,33.12,86.6,164.36,235.44,3.52,194.76,27,67,95,86,45,48
2784,"orfo",12.3285714285714,18.9611764705882,4.75764705882353,43.2983333333333,1.77446808510638,11.0175757575758,31.04,147.56,14.72,338.08,4.68,75.32,14,68,17,96,47,66
2784,"saline_orfo",9.01846153846154,6.29052631578947,9.53411764705882,55.5452631578947,1.85555555555556,9.883,21.72,18.52,46.52,437.68,5.6,48.92,13,38,51,95,36,40
2785,"orfo",7.9048275862069,27.5573684210526,5.04457142857143,22.5717948717949,2.12585365853659,43.1248979591837,18.04,166.88,15.64,304.56,6.56,461.6,29,76,35,78,41,49
2785,"saline_orfo",7.79571428571429,37.0417777777778,4.26545454545455,33.2533333333333,2.105,53.064262295082,14.2,130.28,9.72,191.92,7.8,777.68,28,45,11,45,40,61
