"id","group","drink_groom","drink_move/explore","food motivated_groom","food motivated_move/explore","groom_drink","groom_food motivated","groom_move/explore","move/explore_drink","move/explore_food motivated","move/explore_groom","move/explore_shelter","shelter_move/explore"
1,"fed",0,0.724137931034483,0.0184049079754601,0.411042944785276,0,0.0115606936416185,0.526011560693642,0.0445859872611465,0.144373673036093,0.18895966029724,0.220806794055202,0.703448275862069
2,"fed",0.577639751552795,0.397515527950311,0.0155038759689922,0.193798449612403,0.229064039408867,0.00985221674876847,0.672413793103448,0.107692307692308,0.0393162393162393,0.466666666666667,0.112820512820513,0.503937007874016
3,"fed",0,0.583333333333333,0.0251572327044025,0.257861635220126,0,0.036231884057971,0.572463768115942,0.0168674698795181,0.0939759036144578,0.185542168674699,0.363855421686747,0.795698924731183
4,"lira_sd",0.0317460317460317,0.301587301587302,0.0462962962962963,0.314814814814815,0.00393700787401574,0.0393700787401575,0.44488188976378,0.036101083032491,0.122743682310469,0.202166064981949,0.0812274368231047,0.371900826446281
4,"saline_lira",0.111111111111111,0.555555555555556,0.148148148148148,0.490740740740741,0.0196850393700787,0.118110236220472,0.374015748031496,0.0667870036101083,0.191335740072202,0.164259927797834,0.135379061371841,0.611570247933884
5,"lira_sd",0.0181818181818182,0.345454545454545,0.0666666666666667,0.220289855072464,0,0.0576036866359447,0.398617511520737,0.0273972602739726,0.101369863013699,0.236986301369863,0.101369863013699,0.370558375634518
5,"saline_lira",0.0363636363636364,0.6,0.333333333333333,0.379710144927536,0.00460829493087557,0.292626728110599,0.241935483870968,0.0452054794520548,0.161643835616438,0.161643835616438,0.164383561643836,0.614213197969543
7,"lira_sd",0.0288461538461538,0.211538461538462,0.118143459915612,0.379746835443038,0,0.123348017621145,0.568281938325991,0.04,0.144,0.2032,0.1856,0.648351648351648
7,"saline_lira",0.0673076923076923,0.692307692307692,0.10126582278481,0.40084388185654,0.0484581497797357,0.0969162995594714,0.158590308370044,0.1088,0.1536,0.0608,0.104,0.351648351648352
8,"dan_sd",0.154761904761905,0.261904761904762,0.113207547169811,0.10062893081761,0.0246305418719212,0.0509031198686371,0.0853858784893268,0.0201816347124117,0.0363269424823411,0.0494450050454087,0.0161453077699294,0.0691244239631336
8,"lira_sd",0.0238095238095238,0.154761904761905,0.0283018867924528,0.132075471698113,0.00164203612479474,0.0180623973727422,0.264367816091954,0.0141271442986882,0.0403632694248234,0.162462159434914,0.0696266397578204,0.313364055299539
8,"saline_lira",0.0595238095238095,0.0952380952380952,0.0251572327044025,0.232704402515723,0.00164203612479474,0.0164203612479474,0.338259441707718,0.0110998990918264,0.0726538849646821,0.205852674066599,0.0746720484359233,0.336405529953917
8,"veh_sd",0,0.25,0.138364779874214,0.229559748427673,0,0.0722495894909688,0.123152709359606,0.0211907164480323,0.0736629667003027,0.0756811301715439,0.0565085771947528,0.258064516129032
9,"fed",0,1,0.136842105263158,0.863157894736842,0,0.174603174603175,0.793650793650794,0.041044776119403,0.313432835820896,0.164179104477612,0.481343283582089,0.954198473282443
10,"fed",0,1,0.197530864197531,0.802469135802469,0,0.0802139037433155,0.919786096256684,0.0196629213483146,0.182584269662921,0.477528089887641,0.320224719101124,0.982608695652174
12,"fed",0.333333333333333,0.666666666666667,0.171428571428571,0.8,0.0333333333333333,0.1,0.86,0.0427631578947368,0.164473684210526,0.434210526315789,0.358552631578947,0.955357142857143
13,"fed",0.032258064516129,0.0645161290322581,0.01,0.143333333333333,0.00193798449612403,0.00387596899224806,0.39922480620155,0.00568828213879408,0.0500568828213879,0.233219567690557,0.106939704209329,0.53072625698324
13,"lira_sd",0.0161290322580645,0.403225806451613,0.0966666666666667,0.193333333333333,0,0.0465116279069767,0.356589147286822,0.0295790671217292,0.0705346985210466,0.202502844141069,0.0523321956769056,0.245810055865922
13,"saline_lira",0.0967741935483871,0.387096774193548,0.17,0.386666666666667,0.00775193798449612,0.104651162790698,0.0775193798449612,0.0295790671217292,0.129692832764505,0.0466439135381115,0.043230944254835,0.217877094972067
20,"LiCl",0.0704225352112676,0.28169014084507,0.243055555555556,0.3125,0.0238095238095238,0.161904761904762,0.523809523809524,0.051150895140665,0.117647058823529,0.278772378516624,0.051150895140665,0.277777777777778
20,"saline_licl",0,0.647887323943662,0.0763888888888889,0.368055555555556,0.00476190476190476,0.0666666666666667,0.219047619047619,0.115089514066496,0.127877237851662,0.127877237851662,0.130434782608696,0.722222222222222
23,"LiCl",0.0232558139534884,0.127906976744186,0.0292397660818713,0.216374269005848,0.0238095238095238,0.0238095238095238,0.125,0.017578125,0.0703125,0.04296875,0.0390625,0.123188405797101
23,"fed",0,0.174418604651163,0,0.0175438596491228,0,0,0.43452380952381,0.029296875,0.005859375,0.142578125,0.041015625,0.144927536231884
23,"saline_licl",0.0116279069767442,0.162790697674419,0.0175438596491228,0.333333333333333,0.00595238095238095,0.0178571428571428,0.196428571428571,0.02734375,0.109375,0.064453125,0.109375,0.391304347826087
25,"fed",0.08,0.12,0.367066895368782,0.262435677530017,0.00970873786407766,0.43495145631068,0.29126213592233,0.0178784266984505,0.170441001191895,0.185935637663886,0.206197854588796,0.744588744588745
26,"LiCl",0.0310077519379845,0.155038759689922,0.0633802816901408,0.151408450704225,0.00578034682080924,0.0491329479768786,0.115606936416185,0.0275344180225282,0.0563204005006258,0.0463078848560701,0.0237797246558198,0.103260869565217
26,"fed",0.162790697674419,0.224806201550388,0.0211267605633803,0.0845070422535211,0.0664739884393064,0.0202312138728324,0.326589595375723,0.0337922403003755,0.0287859824780976,0.145181476846058,0.0738423028785982,0.326086956521739
26,"saline_licl",0,0.155038759689922,0.0211267605633803,0.246478873239437,0,0.0173410404624277,0.11849710982659,0.0250312891113892,0.0863579474342929,0.0513141426783479,0.065081351689612,0.271739130434783
27,"LiCl",0.172413793103448,0.448275862068966,0.0344827586206896,0.436781609195402,0.0423280423280423,0.0211640211640212,0.571428571428571,0.0622222222222222,0.0822222222222222,0.233333333333333,0.164444444444444,0.48993288590604
27,"saline_licl",0.0517241379310345,0.327586206896552,0,0.528735632183908,0.00529100529100529,0,0.35978835978836,0.0466666666666667,0.102222222222222,0.146666666666667,0.162222222222222,0.496644295302013
69,"dan_sd",0.0526315789473684,0.421052631578947,0.0432220039292731,0.0746561886051081,0.01,0.1,0.35,0.0288808664259928,0.0722021660649819,0.122743682310469,0.0306859205776173,0.274193548387097
69,"veh_sd",0.0263157894736842,0.236842105263158,0.172888015717092,0.671905697445973,0,0.395,0.145,0.01985559566787,0.629963898916967,0.0342960288808664,0.0613718411552346,0.548387096774194
96,"orfo",0.0666666666666667,0.433333333333333,0.0251256281407035,0.241206030150754,0,0.0240963855421687,0.349397590361446,0.0797872340425532,0.127659574468085,0.140957446808511,0.109042553191489,0.444444444444444
96,"saline_orfo",0.0333333333333333,0.466666666666667,0.316582914572864,0.417085427135678,0,0.36144578313253,0.265060240963855,0.0824468085106383,0.228723404255319,0.103723404255319,0.127659574468085,0.544444444444444
253,"dan_sd",0.11965811965812,0.435897435897436,0.0764119601328904,0.308970099667774,0.0513833992094862,0.0790513833992095,0.33596837944664,0.0878378378378378,0.160472972972973,0.136824324324324,0.101351351351351,0.571428571428571
253,"veh_sd",0.136752136752137,0.307692307692308,0.13953488372093,0.475083056478405,0.0434782608695652,0.1699604743083,0.320158102766798,0.0675675675675676,0.238175675675676,0.130067567567568,0.0777027027027027,0.419047619047619
287,"dan_sd",0,0.342105263157895,0.0413223140495868,0.487603305785124,0,0.0526315789473684,0.621052631578947,0.0383480825958702,0.168141592920354,0.174041297935103,0.135693215339233,0.403669724770642
287,"veh_sd",0.0789473684210526,0.578947368421053,0.0413223140495868,0.429752066115702,0.0105263157894737,0.0210526315789474,0.294736842105263,0.0707964601769911,0.156342182890855,0.0678466076696165,0.188790560471976,0.559633027522936
712,"dan_sd",0,0.04,0.258215962441315,0.338028169014085,0,0.0726698262243286,0.458135860979463,0.00119617224880382,0.09688995215311,0.337320574162679,0.0538277511961723,0.416666666666667
712,"veh_sd",0.12,0.84,0.07981220657277,0.323943661971831,0.00315955766192733,0.028436018957346,0.436018957345972,0.0263157894736842,0.0789473684210526,0.330143540669856,0.0753588516746412,0.564814814814815
718,"dan_sd",0,0.0476190476190476,0.124423963133641,0.147465437788018,0,0.198529411764706,0.183823529411765,0.00347222222222222,0.111111111111111,0.0868055555555556,0.0625,0.382978723404255
718,"veh_sd",0.0476190476190476,0.904761904761905,0.184331797235023,0.543778801843318,0.00735294117647058,0.25,0.360294117647059,0.0659722222222222,0.427083333333333,0.149305555555556,0.09375,0.574468085106383
720,"dan_sd",0.03125,0.25,0.245070422535211,0.323943661971831,0.00779220779220779,0.212987012987013,0.262337662337662,0.0248344370860927,0.197019867549669,0.158940397350993,0.0231788079470199,0.2
720,"veh_sd",0.0625,0.65625,0.109859154929577,0.32112676056338,0.012987012987013,0.0909090909090909,0.41038961038961,0.0678807947019868,0.195364238410596,0.258278145695364,0.0745033112582782,0.766666666666667
786,"dan_sd",0,0.0208333333333333,0.0416666666666667,0.241666666666667,0,0.0170940170940171,0.782051282051282,0.00219780219780219,0.0659340659340659,0.4,0.0703296703296703,0.382716049382716
786,"veh_sd",0.0833333333333333,0.895833333333333,0.0416666666666667,0.675,0.0170940170940171,0.0170940170940171,0.166666666666667,0.0945054945054945,0.173626373626374,0.0835164835164835,0.10989010989011,0.580246913580247
1006,"dan_sd",0.0543478260869565,0.456521739130435,0.0198675496688742,0.450331125827815,0.03125,0.0208333333333333,0.546875,0.072463768115942,0.117753623188406,0.193840579710145,0.121376811594203,0.395061728395062
1006,"veh_sd",0.0760869565217391,0.41304347826087,0.0463576158940397,0.483443708609271,0.00520833333333333,0.0364583333333333,0.359375,0.0778985507246377,0.128623188405797,0.114130434782609,0.173913043478261,0.574074074074074
1207,"lira_sd",0.0674157303370786,0.134831460674157,0.0741935483870968,0.109677419354839,0.0164609053497942,0.0905349794238683,0.481481481481481,0.0184210526315789,0.0460526315789474,0.15,0.0368421052631579,0.116182572614108
1207,"saline_lira",0.0561797752808989,0.50561797752809,0.0225806451612903,0.3,0.0123456790123457,0.0288065843621399,0.131687242798354,0.0618421052631579,0.119736842105263,0.0407894736842105,0.118421052631579,0.37344398340249
1208,"lira_sd",0,0.0333333333333333,0.0213414634146341,0.0914634146341463,0,0.03125,0.241071428571429,0.0072992700729927,0.0437956204379562,0.0802919708029197,0.0496350364963504,0.210843373493976
1208,"saline_lira",0.22,0.56,0.0274390243902439,0.25,0.133928571428571,0.0446428571428571,0.178571428571429,0.127007299270073,0.118248175182482,0.0554744525547445,0.0905109489051095,0.379518072289157
1613,"lira_sd",0.0517241379310345,0.137931034482759,0.0895522388059701,0.126865671641791,0.0024330900243309,0.0535279805352798,0.440389294403893,0.0167224080267558,0.0568561872909699,0.294314381270903,0.0234113712374582,0.203703703703704
1613,"saline_lira",0.0689655172413793,0.741379310344828,0.25,0.533582089552239,0.0048661800486618,0.160583941605839,0.338199513381995,0.0752508361204013,0.240802675585284,0.225752508361204,0.0668896321070234,0.740740740740741
1615,"lira_sd",0,0.208333333333333,0.100294985250737,0.209439528023599,0.00389105058365758,0.108949416342412,0.206225680933852,0.0102040816326531,0.198979591836735,0.122448979591837,0.0510204081632653,0.375
1615,"saline_lira",0.125,0.666666666666667,0.309734513274336,0.380530973451327,0.00389105058365758,0.428015564202335,0.249027237354086,0.0459183673469388,0.313775510204082,0.170918367346939,0.086734693877551,0.607142857142857
1710,"LiCl",0.0823529411764706,0.164705882352941,0.191176470588235,0.156862745098039,0.0155440414507772,0.106217616580311,0.225388601036269,0.021398002853067,0.0427960057061341,0.126961483594864,0.0299572039942939,0.141975308641975
1710,"orfo",0.0117647058823529,0.176470588235294,0,0.107843137254902,0.00259067357512953,0,0.253886010362694,0.0199714693295292,0.0299572039942939,0.139800285306705,0.0499286733238231,0.209876543209877
1710,"saline_licl",0.0235294117647059,0.176470588235294,0.0147058823529412,0.132352941176471,0.0077720207253886,0.00518134715025906,0.16580310880829,0.0199714693295292,0.0385164051355207,0.0912981455064194,0.0513552068473609,0.222222222222222
1710,"saline_orfo",0.0705882352941176,0.294117647058824,0.0441176470588235,0.352941176470588,0.00259067357512953,0.0207253886010363,0.191709844559585,0.0427960057061341,0.10413694721826,0.0970042796005706,0.094151212553495,0.407407407407407
1788,"orfo",0.0882352941176471,0.426470588235294,0.0573248407643312,0.45859872611465,0.12987012987013,0.0909090909090909,0.480519480519481,0.127388535031847,0.157112526539278,0.0700636942675159,0.182590233545648,0.505952380952381
1788,"saline_orfo",0.0661764705882353,0.419117647058824,0.0254777070063694,0.45859872611465,0.12987012987013,0.051948051948052,0.116883116883117,0.118895966029724,0.148619957537155,0.0212314225053079,0.174097664543524,0.482142857142857
1789,"orfo",0.240875912408759,0.262773722627737,0.11437908496732,0.313725490196078,0.0686695278969957,0.0836909871244635,0.446351931330472,0.045679012345679,0.112345679012346,0.260493827160494,0.0765432098765432,0.423611111111111
1789,"saline_orfo",0.167883211678832,0.328467153284672,0.101307189542484,0.470588235294118,0.0493562231759657,0.0536480686695279,0.298283261802575,0.0555555555555556,0.185185185185185,0.162962962962963,0.101234567901235,0.5625
1790,"LiCl",0.0057471264367816,0.114942528735632,0.00692041522491349,0.235294117647059,0.0091743119266055,0.018348623853211,0.13302752293578,0.0220673635307782,0.0754936120789779,0.0371660859465738,0.0534262485481998,0.135384615384615
1790,"orfo",0.235632183908046,0.229885057471264,0.027681660899654,0.207612456747405,0.18348623853211,0.0412844036697248,0.31651376146789,0.0476190476190476,0.0673635307781649,0.0801393728222996,0.0801393728222996,0.209230769230769
1790,"saline_licl",0.0114942528735632,0.21264367816092,0.027681660899654,0.252595155709343,0.00458715596330275,0.0321100917431193,0.13302752293578,0.0441347270615563,0.0847851335656214,0.0313588850174216,0.137049941927991,0.356923076923077
1790,"saline_orfo",0.0114942528735632,0.17816091954023,0.027681660899654,0.211072664359862,0.00458715596330275,0.0229357798165138,0.100917431192661,0.0371660859465738,0.0720092915214866,0.0209059233449477,0.10917537746806,0.286153846153846
1836,"orfo",0.024390243902439,0.528455284552846,0.194230769230769,0.192307692307692,0.00368324125230202,0.186003683241252,0.287292817679558,0.0648330058939096,0.0982318271119843,0.154223968565815,0.168958742632613,0.514705882352941
1836,"saline_orfo",0.032520325203252,0.414634146341463,0.251923076923077,0.361538461538462,0.00368324125230202,0.263351749539595,0.23572744014733,0.0520628683693517,0.171905697445973,0.136542239685658,0.153241650294695,0.458823529411765
1837,"orfo",0.075,0.4125,0.142857142857143,0.394088669950739,0.0219298245614035,0.131578947368421,0.394736842105263,0.0592334494773519,0.13588850174216,0.153310104529617,0.177700348432056,0.584795321637427
1837,"saline_orfo",0,0.5125,0.0886699507389163,0.374384236453202,0,0.0701754385964912,0.381578947368421,0.0714285714285714,0.13588850174216,0.149825783972125,0.116724738675958,0.39766081871345
2782,"orfo",0.123595505617978,0.382022471910112,0.133971291866029,0.267942583732057,0.00852878464818763,0.0597014925373134,0.405117270788913,0.061633281972265,0.0847457627118644,0.283513097072419,0.0539291217257319,0.425
2782,"saline_orfo",0.123595505617978,0.370786516853933,0.248803827751196,0.349282296650718,0.0191897654584222,0.110874200426439,0.396588486140725,0.0539291217257319,0.110939907550077,0.285053929121726,0.0662557781201849,0.5375
2784,"orfo",0.0545454545454545,0.363636363636364,0.0947368421052632,0.452631578947368,0.00833333333333333,0.0708333333333333,0.3875,0.0403071017274472,0.166986564299424,0.166986564299424,0.159309021113244,0.572463768115942
2784,"saline_orfo",0.181818181818182,0.4,0.105263157894737,0.347368421052632,0.0291666666666667,0.075,0.425,0.0479846449136276,0.130518234165067,0.186180422264875,0.101727447216891,0.391304347826087
2785,"orfo",0.0864197530864197,0.518518518518518,0.0634920634920635,0.513227513227513,0.0217391304347826,0.0652173913043478,0.592391304347826,0.102040816326531,0.219954648526077,0.240362811791383,0.0566893424036281,0.423728813559322
2785,"saline_orfo",0.0493827160493827,0.345679012345679,0.0793650793650794,0.343915343915344,0.00543478260869565,0.0760869565217391,0.239130434782609,0.0702947845804989,0.145124716553288,0.090702947845805,0.0748299319727891,0.542372881355932
