id,group,drink_groom,drink_move/explore,food motivated_groom,food motivated_move/explore,groom_drink,groom_food motivated,groom_move/explore,move/explore_drink,move/explore_food motivated,move/explore_groom,move/explore_shelter,shelter_move/explore
1,dan_hfd_light,0.0,0.0,0.012269938650306749,0.06748466257668712,0.0,0.011560693641618497,0.0,0.0,0.02335456475583864,0.0,0.008492569002123142,0.020689655172413793
1,dan_sd_light,0.0,0.0,0.03680981595092025,0.05521472392638037,0.0,0.028901734104046242,0.028901734104046242,0.0,0.01910828025477707,0.008492569002123142,0.008492569002123142,0.020689655172413793
1,fed,0.0,0.7241379310344828,0.018404907975460124,0.4110429447852761,0.0,0.011560693641618497,0.5260115606936416,0.044585987261146494,0.14437367303609341,0.18895966029723993,0.2208067940552017,0.7034482758620689
1,veh_hfd_light,0.0,0.1724137931034483,0.006134969325153374,0.2822085889570552,0.005780346820809248,0.011560693641618497,0.2138728323699422,0.008492569002123142,0.09341825902335456,0.08280254777070063,0.050955414012738856,0.15862068965517243
1,veh_sd_light,0.0,0.10344827586206896,0.03680981595092025,0.0736196319018405,0.0,0.03468208092485549,0.12138728323699421,0.006369426751592357,0.025477707006369428,0.044585987261146494,0.021231422505307854,0.06896551724137931
2,dan_hfd_light,0.0,0.0,0.007751937984496124,0.18604651162790697,0.0,0.0,0.014778325123152709,0.0,0.042735042735042736,0.008547008547008548,0.017094017094017096,0.07086614173228346
2,dan_sd_light,0.0,0.0,0.10852713178294573,0.14728682170542637,0.0,0.034482758620689655,0.007389162561576354,0.0,0.03247863247863248,0.005128205128205128,0.010256410256410256,0.047244094488188976
2,fed,0.577639751552795,0.39751552795031053,0.015503875968992248,0.1937984496124031,0.229064039408867,0.009852216748768473,0.6724137931034483,0.1076923076923077,0.039316239316239315,0.4666666666666667,0.11282051282051282,0.5039370078740157
2,veh_hfd_light,0.0,0.012422360248447204,0.03875968992248062,0.2868217054263566,0.0,0.007389162561576354,0.012315270935960592,0.003418803418803419,0.06666666666666667,0.005128205128205128,0.05641025641025641,0.25984251968503935
2,veh_sd_light,0.0,0.0,0.0,0.007751937984496124,0.0,0.0,0.009852216748768473,0.0,0.0017094017094017094,0.006837606837606838,0.017094017094017096,0.07874015748031496
3,dan_hfd_light,0.0,0.0,0.012578616352201259,0.18867924528301888,0.0,0.014492753623188406,0.08695652173913043,0.0,0.07228915662650602,0.02891566265060241,0.02891566265060241,0.05913978494623656
3,dan_sd_light,0.0,0.0,0.0,0.07547169811320754,0.0,0.0,0.0,0.0,0.02891566265060241,0.0,0.007228915662650603,0.016129032258064516
3,fed,0.0,0.5833333333333334,0.025157232704402517,0.2578616352201258,0.0,0.036231884057971016,0.572463768115942,0.016867469879518072,0.09397590361445783,0.1855421686746988,0.363855421686747,0.7956989247311828
3,veh_hfd_light,0.08333333333333333,0.3333333333333333,0.18238993710691823,0.2578616352201258,0.007246376811594203,0.18840579710144928,0.07246376811594203,0.00963855421686747,0.10602409638554217,0.016867469879518072,0.04096385542168675,0.08602150537634409
4,lira_sd,0.031746031746031744,0.30158730158730157,0.046296296296296294,0.3148148148148148,0.003937007874015748,0.03937007874015748,0.4448818897637795,0.036101083032490974,0.12274368231046931,0.20216606498194944,0.0812274368231047,0.371900826446281
4,saline_lira,0.1111111111111111,0.5555555555555556,0.14814814814814814,0.49074074074074076,0.01968503937007874,0.11811023622047244,0.37401574803149606,0.06678700361010831,0.19133574007220217,0.16425992779783394,0.13537906137184116,0.6115702479338843
5,lira_sd,0.01818181818181818,0.34545454545454546,0.06666666666666667,0.22028985507246376,0.0,0.0576036866359447,0.3986175115207373,0.0273972602739726,0.10136986301369863,0.236986301369863,0.10136986301369863,0.37055837563451777
5,saline_lira,0.03636363636363636,0.6,0.3333333333333333,0.37971014492753624,0.004608294930875576,0.2926267281105991,0.24193548387096775,0.045205479452054796,0.16164383561643836,0.16164383561643836,0.1643835616438356,0.6142131979695431
7,lira_sd,0.028846153846153848,0.21153846153846154,0.11814345991561181,0.379746835443038,0.0,0.12334801762114538,0.5682819383259912,0.04,0.144,0.2032,0.1856,0.6483516483516484
7,saline_lira,0.0673076923076923,0.6923076923076923,0.10126582278481013,0.4008438818565401,0.048458149779735685,0.09691629955947137,0.15859030837004406,0.1088,0.1536,0.0608,0.104,0.3516483516483517
8,dan_sd,0.15476190476190477,0.2619047619047619,0.11320754716981132,0.10062893081761007,0.024630541871921183,0.05090311986863711,0.08538587848932677,0.020181634712411706,0.03632694248234107,0.04944500504540868,0.016145307769929364,0.06912442396313365
8,lira_sd,0.023809523809523808,0.15476190476190477,0.02830188679245283,0.1320754716981132,0.0016420361247947454,0.0180623973727422,0.26436781609195403,0.014127144298688193,0.04036326942482341,0.16246215943491424,0.06962663975782038,0.31336405529953915
8,saline_lira,0.05952380952380952,0.09523809523809523,0.025157232704402517,0.23270440251572327,0.0016420361247947454,0.016420361247947456,0.33825944170771755,0.011099899091826439,0.07265388496468214,0.2058526740665994,0.07467204843592332,0.33640552995391704
8,veh_sd,0.0,0.25,0.13836477987421383,0.22955974842767296,0.0,0.0722495894909688,0.12315270935960591,0.02119071644803229,0.07366296670030273,0.07568113017154389,0.056508577194752774,0.25806451612903225
9,fed,0.0,1.0,0.1368421052631579,0.8631578947368421,0.0,0.1746031746031746,0.7936507936507936,0.041044776119402986,0.31343283582089554,0.16417910447761194,0.48134328358208955,0.9541984732824428
10,fed,0.0,1.0,0.19753086419753085,0.8024691358024691,0.0,0.08021390374331551,0.9197860962566845,0.019662921348314606,0.18258426966292135,0.47752808988764045,0.3202247191011236,0.9826086956521739
12,fed,0.3333333333333333,0.6666666666666666,0.17142857142857143,0.8,0.03333333333333333,0.1,0.86,0.04276315789473684,0.16447368421052633,0.4342105263157895,0.35855263157894735,0.9553571428571429
13,fed,0.03225806451612903,0.06451612903225806,0.01,0.14333333333333334,0.001937984496124031,0.003875968992248062,0.3992248062015504,0.005688282138794084,0.05005688282138794,0.23321956769055746,0.10693970420932879,0.5307262569832403
13,lira_sd,0.016129032258064516,0.4032258064516129,0.09666666666666666,0.19333333333333333,0.0,0.046511627906976744,0.35658914728682173,0.02957906712172924,0.07053469852104664,0.2025028441410694,0.05233219567690557,0.24581005586592178
13,saline_lira,0.0967741935483871,0.3870967741935484,0.17,0.38666666666666666,0.007751937984496124,0.10465116279069768,0.07751937984496124,0.02957906712172924,0.1296928327645051,0.04664391353811149,0.04323094425483504,0.21787709497206703
20,LiCl,0.07042253521126761,0.28169014084507044,0.24305555555555555,0.3125,0.023809523809523808,0.1619047619047619,0.5238095238095238,0.05115089514066496,0.11764705882352941,0.27877237851662406,0.05115089514066496,0.2777777777777778
20,saline_licl,0.0,0.647887323943662,0.0763888888888889,0.3680555555555556,0.004761904761904762,0.06666666666666667,0.21904761904761905,0.11508951406649616,0.1278772378516624,0.1278772378516624,0.13043478260869565,0.7222222222222222
23,LiCl,0.023255813953488372,0.12790697674418605,0.029239766081871343,0.21637426900584794,0.023809523809523808,0.023809523809523808,0.125,0.017578125,0.0703125,0.04296875,0.0390625,0.12318840579710146
23,fed,0.0,0.1744186046511628,0.0,0.017543859649122806,0.0,0.0,0.43452380952380953,0.029296875,0.005859375,0.142578125,0.041015625,0.14492753623188406
23,no_inject,0.11627906976744186,0.38372093023255816,0.029239766081871343,0.3567251461988304,0.047619047619047616,0.02976190476190476,0.09523809523809523,0.068359375,0.119140625,0.02734375,0.0859375,0.3188405797101449
23,saline_licl,0.011627906976744186,0.16279069767441862,0.017543859649122806,0.3333333333333333,0.005952380952380952,0.017857142857142856,0.19642857142857142,0.02734375,0.109375,0.064453125,0.109375,0.391304347826087
25,fed,0.08,0.12,0.3670668953687822,0.2624356775300172,0.009708737864077669,0.4349514563106796,0.2912621359223301,0.017878426698450536,0.17044100119189512,0.18593563766388557,0.2061978545887962,0.7445887445887446
25,no_inject,0.18,0.62,0.08061749571183534,0.28987993138936535,0.038834951456310676,0.0970873786407767,0.1262135922330097,0.07151370679380215,0.1966626936829559,0.08224076281287247,0.06912991656734208,0.23809523809523808
26,LiCl,0.031007751937984496,0.15503875968992248,0.06338028169014084,0.15140845070422534,0.005780346820809248,0.049132947976878616,0.11560693641618497,0.02753441802252816,0.056320400500625784,0.04630788485607009,0.023779724655819776,0.10326086956521739
26,fed,0.16279069767441862,0.2248062015503876,0.02112676056338028,0.08450704225352113,0.06647398843930635,0.02023121387283237,0.3265895953757225,0.03379224030037547,0.028785982478097622,0.14518147684605756,0.07384230287859825,0.32608695652173914
26,no_inject,0.06201550387596899,0.20930232558139536,0.035211267605633804,0.3732394366197183,0.014450867052023121,0.031791907514450865,0.23410404624277456,0.03754693366708386,0.13141426783479349,0.09887359198998748,0.0688360450563204,0.29347826086956524
26,saline_licl,0.0,0.15503875968992248,0.02112676056338028,0.24647887323943662,0.0,0.017341040462427744,0.11849710982658959,0.025031289111389236,0.08635794743429287,0.05131414267834793,0.06508135168961202,0.2717391304347826
27,LiCl,0.1724137931034483,0.4482758620689655,0.034482758620689655,0.4367816091954023,0.042328042328042326,0.021164021164021163,0.5714285714285714,0.06222222222222222,0.08222222222222222,0.23333333333333334,0.16444444444444445,0.4899328859060403
27,saline_licl,0.05172413793103448,0.3275862068965517,0.0,0.5287356321839081,0.005291005291005291,0.0,0.35978835978835977,0.04666666666666667,0.10222222222222223,0.14666666666666667,0.1622222222222222,0.4966442953020134
69,dan_sd,0.05263157894736842,0.42105263157894735,0.043222003929273084,0.07465618860510806,0.01,0.1,0.35,0.02888086642599278,0.07220216606498195,0.12274368231046931,0.030685920577617327,0.27419354838709675
69,veh_sd,0.02631578947368421,0.23684210526315788,0.17288801571709234,0.6719056974459725,0.0,0.395,0.145,0.019855595667870037,0.6299638989169675,0.03429602888086643,0.061371841155234655,0.5483870967741935
96,orfo,0.06666666666666667,0.43333333333333335,0.02512562814070352,0.24120603015075376,0.0,0.024096385542168676,0.3493975903614458,0.0797872340425532,0.1276595744680851,0.14095744680851063,0.10904255319148937,0.4444444444444444
96,saline_orfo,0.03333333333333333,0.4666666666666667,0.3165829145728643,0.41708542713567837,0.0,0.3614457831325301,0.26506024096385544,0.08244680851063829,0.22872340425531915,0.10372340425531915,0.1276595744680851,0.5444444444444444
253,dan_sd,0.11965811965811966,0.4358974358974359,0.07641196013289037,0.3089700996677741,0.05138339920948617,0.07905138339920949,0.3359683794466403,0.08783783783783784,0.16047297297297297,0.13682432432432431,0.10135135135135136,0.5714285714285714
253,veh_sd,0.13675213675213677,0.3076923076923077,0.13953488372093023,0.4750830564784053,0.043478260869565216,0.16996047430830039,0.3201581027667984,0.06756756756756757,0.23817567567567569,0.13006756756756757,0.0777027027027027,0.41904761904761906
287,dan_sd,0.0,0.34210526315789475,0.04132231404958678,0.48760330578512395,0.0,0.05263157894736842,0.6210526315789474,0.038348082595870206,0.168141592920354,0.17404129793510326,0.13569321533923304,0.4036697247706422
287,veh_sd,0.07894736842105263,0.5789473684210527,0.04132231404958678,0.4297520661157025,0.010526315789473684,0.021052631578947368,0.29473684210526313,0.07079646017699115,0.15634218289085547,0.06784660766961652,0.1887905604719764,0.5596330275229358
712,dan_sd,0.0,0.04,0.25821596244131456,0.3380281690140845,0.0,0.07266982622432859,0.45813586097946285,0.0011961722488038277,0.09688995215311005,0.3373205741626794,0.05382775119617225,0.4166666666666667
712,veh_sd,0.12,0.84,0.07981220657276995,0.323943661971831,0.00315955766192733,0.02843601895734597,0.43601895734597157,0.02631578947368421,0.07894736842105263,0.33014354066985646,0.07535885167464115,0.5648148148148148
718,dan_sd,0.0,0.047619047619047616,0.12442396313364056,0.14746543778801843,0.0,0.19852941176470587,0.18382352941176472,0.003472222222222222,0.1111111111111111,0.08680555555555555,0.0625,0.3829787234042553
718,veh_sd,0.047619047619047616,0.9047619047619048,0.18433179723502305,0.543778801843318,0.007352941176470588,0.25,0.3602941176470588,0.06597222222222222,0.4270833333333333,0.14930555555555555,0.09375,0.574468085106383
720,dan_sd,0.03125,0.25,0.24507042253521127,0.323943661971831,0.007792207792207792,0.21298701298701297,0.2623376623376623,0.024834437086092714,0.19701986754966888,0.15894039735099338,0.023178807947019868,0.2
720,veh_sd,0.0625,0.65625,0.10985915492957747,0.3211267605633803,0.012987012987012988,0.09090909090909091,0.4103896103896104,0.06788079470198675,0.19536423841059603,0.2582781456953642,0.07450331125827815,0.7666666666666667
786,dan_sd,0.0,0.020833333333333332,0.041666666666666664,0.24166666666666667,0.0,0.017094017094017096,0.782051282051282,0.002197802197802198,0.06593406593406594,0.4,0.07032967032967033,0.38271604938271603
786,veh_sd,0.08333333333333333,0.8958333333333334,0.041666666666666664,0.675,0.017094017094017096,0.017094017094017096,0.16666666666666666,0.0945054945054945,0.17362637362637362,0.08351648351648351,0.10989010989010989,0.5802469135802469
1006,dan_sd,0.05434782608695652,0.45652173913043476,0.019867549668874173,0.4503311258278146,0.03125,0.020833333333333332,0.546875,0.07246376811594203,0.11775362318840579,0.19384057971014493,0.1213768115942029,0.3950617283950617
1006,veh_sd,0.07608695652173914,0.41304347826086957,0.046357615894039736,0.48344370860927155,0.005208333333333333,0.036458333333333336,0.359375,0.07789855072463768,0.1286231884057971,0.11413043478260869,0.17391304347826086,0.5740740740740741
1046,dan_hfd_light,0.0,0.0,0.013888888888888888,0.3194444444444444,0.0,0.06666666666666667,0.06666666666666667,0.0,0.17886178861788618,0.008130081300813009,0.06504065040650407,0.1875
1046,dan_sd_light,0.0,0.0,0.0,0.013888888888888888,0.0,0.0,0.0,0.0,0.008130081300813009,0.0,0.008130081300813009,0.03125
1046,veh_hfd_light,0.15384615384615385,0.8461538461538461,0.027777777777777776,0.625,0.06666666666666667,0.13333333333333333,0.6666666666666666,0.0975609756097561,0.35772357723577236,0.07317073170731707,0.2032520325203252,0.75
1048,dan_hfd_light,0.0,0.0,0.005291005291005291,0.30158730158730157,0.0,0.030303030303030304,0.045454545454545456,0.0,0.27918781725888325,0.02030456852791878,0.06598984771573604,0.36363636363636365
1048,dan_sd_light,0.0,0.0,0.15873015873015872,0.09523809523809523,0.0,0.4393939393939394,0.21212121212121213,0.0,0.09644670050761421,0.06598984771573604,0.005076142131979695,0.030303030303030304
1048,veh_hfd_light,0.0,1.0,0.07936507936507936,0.35978835978835977,0.0,0.21212121212121213,0.06060606060606061,0.005076142131979695,0.350253807106599,0.015228426395939087,0.09644670050761421,0.5757575757575758
1207,dan_hfd_light,0.0,0.0,0.0064516129032258064,0.1032258064516129,0.0,0.00823045267489712,0.01646090534979424,0.0,0.042105263157894736,0.005263157894736842,0.02368421052631579,0.07053941908713693
1207,dan_sd_light,0.0,0.0,0.0032258064516129032,0.02258064516129032,0.0,0.00411522633744856,0.00411522633744856,0.0,0.009210526315789473,0.0013157894736842105,0.002631578947368421,0.008298755186721992
1207,lira_sd,0.06741573033707865,0.1348314606741573,0.07419354838709677,0.10967741935483871,0.01646090534979424,0.09053497942386832,0.48148148148148145,0.018421052631578946,0.046052631578947366,0.15,0.03684210526315789,0.11618257261410789
1207,saline_lira,0.056179775280898875,0.5056179775280899,0.02258064516129032,0.3,0.012345679012345678,0.02880658436213992,0.13168724279835392,0.06184210526315789,0.11973684210526316,0.04078947368421053,0.11842105263157894,0.37344398340248963
1207,veh_hfd_light,0.0,0.033707865168539325,0.00967741935483871,0.13225806451612904,0.0,0.012345679012345678,0.024691358024691357,0.003947368421052632,0.05131578947368421,0.007894736842105263,0.05263157894736842,0.15767634854771784
1207,veh_sd_light,0.011235955056179775,0.19101123595505617,0.03870967741935484,0.1774193548387097,0.0,0.04938271604938271,0.102880658436214,0.02368421052631579,0.07236842105263158,0.034210526315789476,0.07763157894736843,0.25311203319502074
1208,dan_hfd_light,0.013333333333333334,0.02,0.039634146341463415,0.12195121951219512,0.008928571428571428,0.0625,0.022321428571428572,0.004379562043795621,0.05693430656934306,0.008759124087591242,0.024817518248175182,0.10240963855421686
1208,dan_sd_light,0.0,0.0,0.024390243902439025,0.027439024390243903,0.0,0.03571428571428571,0.03571428571428571,0.0,0.013138686131386862,0.01167883211678832,0.004379562043795621,0.018072289156626505
1208,lira_sd,0.0,0.03333333333333333,0.021341463414634148,0.09146341463414634,0.0,0.03125,0.24107142857142858,0.0072992700729927005,0.043795620437956206,0.08029197080291971,0.049635036496350364,0.21084337349397592
1208,saline_lira,0.22,0.56,0.027439024390243903,0.25,0.13392857142857142,0.044642857142857144,0.17857142857142858,0.12700729927007298,0.11824817518248175,0.05547445255474453,0.0905109489051095,0.3795180722891566
1208,veh_hfd_light,0.013333333333333334,0.07333333333333333,0.024390243902439025,0.2073170731707317,0.004464285714285714,0.04017857142857143,0.05357142857142857,0.017518248175182483,0.09635036496350365,0.017518248175182483,0.032116788321167884,0.12048192771084337
1208,veh_sd_light,0.006666666666666667,0.06,0.024390243902439025,0.1402439024390244,0.004464285714285714,0.03125,0.06696428571428571,0.013138686131386862,0.06861313868613139,0.01897810218978102,0.03941605839416058,0.1566265060240964
1209,dan_hfd_light,0.0,0.0,0.06493506493506493,0.24675324675324675,0.0,0.07142857142857142,0.20634920634920634,0.0,0.1357142857142857,0.09285714285714286,0.04285714285714286,0.16901408450704225
1209,dan_sd_light,0.0,0.0,0.07792207792207792,0.09740259740259741,0.0,0.10317460317460317,0.0873015873015873,0.0,0.05,0.04285714285714286,0.014285714285714285,0.056338028169014086
1209,veh_hfd_light,0.0,0.5,0.006493506493506494,0.16883116883116883,0.0,0.0,0.11904761904761904,0.02142857142857143,0.09285714285714286,0.05,0.04642857142857143,0.16901408450704225
1209,veh_sd_light,0.0,0.5,0.11038961038961038,0.22727272727272727,0.0,0.11904761904761904,0.2777777777777778,0.02142857142857143,0.13214285714285715,0.11071428571428571,0.14642857142857144,0.5492957746478874
1613,lira_sd,0.05172413793103448,0.13793103448275862,0.08955223880597014,0.12686567164179105,0.0024330900243309003,0.0535279805352798,0.44038929440389296,0.016722408026755852,0.056856187290969896,0.29431438127090304,0.023411371237458192,0.2037037037037037
1613,saline_lira,0.06896551724137931,0.7413793103448276,0.25,0.5335820895522388,0.004866180048661801,0.16058394160583941,0.3381995133819951,0.07525083612040134,0.2408026755852843,0.225752508361204,0.06688963210702341,0.7407407407407407
1615,lira_sd,0.0,0.20833333333333334,0.10029498525073746,0.20943952802359883,0.0038910505836575876,0.10894941634241245,0.20622568093385213,0.01020408163265306,0.1989795918367347,0.12244897959183673,0.05102040816326531,0.375
1615,saline_lira,0.125,0.6666666666666666,0.30973451327433627,0.3805309734513274,0.0038910505836575876,0.4280155642023346,0.2490272373540856,0.04591836734693878,0.3137755102040816,0.17091836734693877,0.08673469387755102,0.6071428571428571
1627,dan_hfd_light,0.0,0.0,0.058823529411764705,0.11764705882352941,0.0,0.3333333333333333,0.0,0.0,0.1,0.0,0.1,0.3333333333333333
1627,dan_sd_light,0.0,0.0,0.08823529411764706,0.38235294117647056,0.0,0.5,0.0,0.0,0.325,0.0,0.1,0.3333333333333333
1627,veh_hfd_light,0.0,0.0,0.029411764705882353,0.3235294117647059,0.0,0.16666666666666666,0.0,0.0,0.25,0.0,0.125,0.3333333333333333
1628,dan_hfd_light,0.0,0.0,0.0,0.16822429906542055,0.0,0.0,0.15384615384615385,0.0,0.09230769230769231,0.07179487179487179,0.06153846153846154,0.27906976744186046
1628,dan_sd_light,0.0,0.0,0.04672897196261682,0.12149532710280374,0.0,0.054945054945054944,0.07692307692307693,0.0,0.06666666666666667,0.035897435897435895,0.015384615384615385,0.06976744186046512
1628,veh_hfd_light,0.09090909090909091,0.6363636363636364,0.0,0.308411214953271,0.0,0.0,0.12087912087912088,0.041025641025641026,0.1641025641025641,0.046153846153846156,0.05641025641025641,0.20930232558139536
1628,veh_sd_light,0.0,0.2727272727272727,0.205607476635514,0.14953271028037382,0.0,0.2087912087912088,0.38461538461538464,0.015384615384615385,0.08717948717948718,0.1641025641025641,0.08205128205128205,0.3488372093023256
1710,LiCl,0.08235294117647059,0.16470588235294117,0.19117647058823528,0.1568627450980392,0.015544041450777202,0.10621761658031088,0.22538860103626943,0.021398002853067047,0.042796005706134094,0.12696148359486448,0.029957203994293864,0.1419753086419753
1710,orfo,0.011764705882352941,0.17647058823529413,0.0,0.10784313725490197,0.0025906735751295338,0.0,0.2538860103626943,0.019971469329529243,0.029957203994293864,0.1398002853067047,0.04992867332382311,0.20987654320987653
1710,saline_licl,0.023529411764705882,0.17647058823529413,0.014705882352941176,0.1323529411764706,0.007772020725388601,0.0051813471502590676,0.16580310880829016,0.019971469329529243,0.03851640513552068,0.0912981455064194,0.05135520684736091,0.2222222222222222
1710,saline_orfo,0.07058823529411765,0.29411764705882354,0.04411764705882353,0.35294117647058826,0.0025906735751295338,0.02072538860103627,0.19170984455958548,0.042796005706134094,0.10413694721825963,0.09700427960057062,0.09415121255349501,0.4074074074074074
1788,orfo,0.08823529411764706,0.4264705882352941,0.05732484076433121,0.4585987261146497,0.12987012987012986,0.09090909090909091,0.4805194805194805,0.12738853503184713,0.15711252653927812,0.07006369426751592,0.18259023354564755,0.5059523809523809
1788,saline_orfo,0.0661764705882353,0.41911764705882354,0.025477707006369428,0.4585987261146497,0.12987012987012986,0.05194805194805195,0.11688311688311688,0.11889596602972399,0.14861995753715498,0.021231422505307854,0.1740976645435244,0.48214285714285715
1789,orfo,0.24087591240875914,0.26277372262773724,0.11437908496732026,0.3137254901960784,0.06866952789699571,0.08369098712446352,0.44635193133047213,0.04567901234567901,0.11234567901234568,0.26049382716049385,0.07654320987654321,0.4236111111111111
1789,saline_orfo,0.1678832116788321,0.3284671532846715,0.10130718954248366,0.47058823529411764,0.04935622317596566,0.0536480686695279,0.2982832618025751,0.05555555555555555,0.18518518518518517,0.16296296296296298,0.10123456790123457,0.5625
1790,LiCl,0.005747126436781609,0.11494252873563218,0.006920415224913495,0.23529411764705882,0.009174311926605505,0.01834862385321101,0.13302752293577982,0.022067363530778164,0.07549361207897794,0.03716608594657375,0.053426248548199766,0.13538461538461538
1790,orfo,0.23563218390804597,0.22988505747126436,0.02768166089965398,0.20761245674740483,0.1834862385321101,0.04128440366972477,0.3165137614678899,0.047619047619047616,0.06736353077816493,0.08013937282229965,0.08013937282229965,0.20923076923076922
1790,saline_licl,0.011494252873563218,0.21264367816091953,0.02768166089965398,0.25259515570934254,0.0045871559633027525,0.03211009174311927,0.13302752293577982,0.04413472706155633,0.08478513356562137,0.0313588850174216,0.13704994192799072,0.3569230769230769
1790,saline_orfo,0.011494252873563218,0.1781609195402299,0.02768166089965398,0.21107266435986158,0.0045871559633027525,0.022935779816513763,0.10091743119266056,0.03716608594657375,0.07200929152148665,0.020905923344947737,0.1091753774680604,0.28615384615384615
1836,orfo,0.024390243902439025,0.5284552845528455,0.19423076923076923,0.19230769230769232,0.003683241252302026,0.1860036832412523,0.287292817679558,0.06483300589390963,0.09823182711198428,0.15422396856581533,0.16895874263261296,0.5147058823529411
1836,saline_orfo,0.032520325203252036,0.4146341463414634,0.2519230769230769,0.36153846153846153,0.003683241252302026,0.26335174953959484,0.23572744014732966,0.05206286836935167,0.1719056974459725,0.13654223968565815,0.15324165029469547,0.4588235294117647
1837,orfo,0.075,0.4125,0.14285714285714285,0.39408866995073893,0.021929824561403508,0.13157894736842105,0.39473684210526316,0.059233449477351915,0.13588850174216027,0.15331010452961671,0.17770034843205576,0.5847953216374269
1837,saline_orfo,0.0,0.5125,0.08866995073891626,0.37438423645320196,0.0,0.07017543859649122,0.3815789473684211,0.07142857142857142,0.13588850174216027,0.14982578397212543,0.11672473867595819,0.39766081871345027
2782,orfo,0.12359550561797752,0.38202247191011235,0.1339712918660287,0.2679425837320574,0.008528784648187633,0.05970149253731343,0.4051172707889126,0.061633281972265024,0.0847457627118644,0.2835130970724191,0.053929121725731895,0.425
2782,saline_orfo,0.12359550561797752,0.3707865168539326,0.24880382775119617,0.3492822966507177,0.019189765458422176,0.11087420042643924,0.39658848614072495,0.053929121725731895,0.11093990755007704,0.2850539291217257,0.0662557781201849,0.5375
2784,orfo,0.05454545454545454,0.36363636363636365,0.09473684210526316,0.45263157894736844,0.008333333333333333,0.07083333333333333,0.3875,0.04030710172744722,0.16698656429942418,0.16698656429942418,0.15930902111324377,0.572463768115942
2784,saline_orfo,0.18181818181818182,0.4,0.10526315789473684,0.3473684210526316,0.029166666666666667,0.075,0.425,0.04798464491362764,0.13051823416506717,0.18618042226487524,0.1017274472168906,0.391304347826087
2785,orfo,0.08641975308641975,0.5185185185185185,0.06349206349206349,0.5132275132275133,0.021739130434782608,0.06521739130434782,0.592391304347826,0.10204081632653061,0.2199546485260771,0.24036281179138322,0.05668934240362812,0.423728813559322
2785,saline_orfo,0.04938271604938271,0.345679012345679,0.07936507936507936,0.3439153439153439,0.005434782608695652,0.07608695652173914,0.2391304347826087,0.07029478458049887,0.14512471655328799,0.09070294784580499,0.07482993197278912,0.5423728813559322
