"Arena","ID","Sex","Treatment","Time_interval","Lickometer","Wheel_cycles","Food_nose_pokes","Genotype"
1,"253","M","Dan_SD","1hr",173,2224,51,"Homo"
1,"253","M","Dan_SD","2hr",88,2785,73,"Homo"
1,"253","M","Dan_SD","3hr",95,5372,34,"Homo"
1,"253","M","Dan_SD","4hr",103,5542,89,"Homo"
2,"69","M","Dan_SD","1hr",0,59,10,"Homo"
2,"69","M","Dan_SD","2hr",332,2741,56,"Homo"
2,"69","M","Dan_SD","3hr",725,4425,33,"Homo"
2,"69","M","Dan_SD","4hr",402,5102,29,"Homo"
3,"8","F","Dan_SD","1hr",98,2,15,"Homo"
3,"8","F","Dan_SD","2hr",129,0,7,"Homo"
3,"8","F","Dan_SD","3hr",0,0,20,"Homo"
3,"8","F","Dan_SD","4hr",1163,1855,36,"Homo"
4,"19","F","Dan_SD","1hr",57,10,70,"Homo"
4,"19","F","Dan_SD","2hr",41,4,44,"Homo"
4,"19","F","Dan_SD","3hr",67,818,18,"Homo"
4,"19","F","Dan_SD","4hr",315,3314,49,"Homo"
1,"718","M","Dan_SD","1hr",3,0,11,"Homo"
1,"718","M","Dan_SD","2hr",49,289,30,"Homo"
1,"718","M","Dan_SD","3hr",679,86,56,"Homo"
1,"718","M","Dan_SD","4hr",500,1757,36,"Homo"
2,"722","M","Dan_SD","1hr",0,159,5,"Homo"
2,"722","M","Dan_SD","2hr",0,0,10,"Homo"
2,"722","M","Dan_SD","3hr",0,0,1,"Homo"
2,"722","M","Dan_SD","4hr",374,7,39,"Homo"
3,"712","F","Dan_SD","1hr",2,441,8,"Homo"
3,"712","F","Dan_SD","2hr",0,204,32,"Homo"
3,"712","F","Dan_SD","3hr",502,1385,9,"Homo"
3,"712","F","Dan_SD","4hr",718,2064,55,"Homo"
4,"720","F","Dan_SD","1hr",258,493,18,"Homo"
4,"720","F","Dan_SD","2hr",0,0,45,"Homo"
4,"720","F","Dan_SD","3hr",318,3,54,"Homo"
4,"720","F","Dan_SD","4hr",411,0,25,"Homo"
1,"786","M","Dan_SD","1hr",10,2640,2,"Homo"
1,"786","M","Dan_SD","2hr",3,584,16,"Homo"
1,"786","M","Dan_SD","3hr",291,2005,5,"Homo"
1,"786","M","Dan_SD","4hr",805,2876,35,"Homo"
3,"287","F","Dan_SD","1hr",174,2016,33,"Homo"
3,"287","F","Dan_SD","2hr",300,2460,11,"Homo"
3,"287","F","Dan_SD","3hr",0,0,0,"Homo"
3,"287","F","Dan_SD","4hr",138,9,20,"Homo"
4,"1006","F","Dan_SD","1hr",788,3021,63,"Homo"
4,"1006","F","Dan_SD","2hr",744,4132,49,"Homo"
4,"1006","F","Dan_SD","3hr",583,2965,17,"Homo"
4,"1006","F","Dan_SD","4hr",515,4818,54,"Homo"
1,"253","M","Vehicle_SD","1hr",168,446,91,"Homo"
1,"253","M","Vehicle_SD","2hr",87,163,59,"Homo"
1,"253","M","Vehicle_SD","3hr",12,0,12,"Homo"
1,"253","M","Vehicle_SD","4hr",33,3,33,"Homo"
2,"69","M","Vehicle_SD","1hr",622,1268,82,"Homo"
2,"69","M","Vehicle_SD","2hr",549,3718,45,"Homo"
2,"69","M","Vehicle_SD","3hr",703,3797,17,"Homo"
2,"69","M","Vehicle_SD","4hr",475,3875,8,"Homo"
3,"8","F","Vehicle_SD","1hr",529,2406,43,"Homo"
3,"8","F","Vehicle_SD","2hr",371,3012,21,"Homo"
3,"8","F","Vehicle_SD","3hr",50,485,2,"Homo"
3,"8","F","Vehicle_SD","4hr",466,1981,55,"Homo"
4,"19","F","Vehicle_SD","1hr",99,13,74,"Homo"
4,"19","F","Vehicle_SD","2hr",39,0,57,"Homo"
4,"19","F","Vehicle_SD","3hr",15,0,3,"Homo"
4,"19","F","Vehicle_SD","4hr",213,5,67,"Homo"
1,"718","M","Vehicle_SD","1hr",297,117,89,"Homo"
1,"718","M","Vehicle_SD","2hr",691,3173,62,"Homo"
1,"718","M","Vehicle_SD","3hr",466,4267,43,"Homo"
1,"718","M","Vehicle_SD","4hr",615,3826,44,"Homo"
2,"722","M","Vehicle_SD","1hr",105,648,7,"Homo"
2,"722","M","Vehicle_SD","2hr",171,0,27,"Homo"
2,"722","M","Vehicle_SD","3hr",308,422,50,"Homo"
2,"722","M","Vehicle_SD","4hr",403,1577,69,"Homo"
3,"712","F","Vehicle_SD","1hr",755,2015,30,"Homo"
3,"712","F","Vehicle_SD","2hr",607,2442,61,"Homo"
3,"712","F","Vehicle_SD","3hr",563,1517,49,"Homo"
3,"712","F","Vehicle_SD","4hr",0,0,0,"Homo"
4,"720","F","Vehicle_SD","1hr",622,2132,31,"Homo"
4,"720","F","Vehicle_SD","2hr",594,2088,57,"Homo"
4,"720","F","Vehicle_SD","3hr",0,0,27,"Homo"
4,"720","F","Vehicle_SD","4hr",598,1341,68,"Homo"
1,"786","M","Vehicle_SD","1hr",1007,1256,96,"Homo"
1,"786","M","Vehicle_SD","2hr",1196,3124,87,"Homo"
1,"786","M","Vehicle_SD","3hr",580,2645,51,"Homo"
1,"786","M","Vehicle_SD","4hr",498,1948,25,"Homo"
3,"287","F","Vehicle_SD","1hr",572,4201,22,"Homo"
3,"287","F","Vehicle_SD","2hr",655,4352,51,"Homo"
3,"287","F","Vehicle_SD","3hr",622,2960,67,"Homo"
3,"287","F","Vehicle_SD","4hr",94,0,15,"Homo"
4,"1006","F","Vehicle_SD","1hr",1240,1080,41,"Homo"
4,"1006","F","Vehicle_SD","2hr",1138,4785,53,"Homo"
4,"1006","F","Vehicle_SD","3hr",1096,3056,61,"Homo"
4,"1006","F","Vehicle_SD","4hr",347,2443,37,"Homo"
3,"1613","M","Lira","1hr",51,1002,27,"Homo"
3,"1613","M","Lira","2hr",58,0,29,"Homo"
3,"1613","M","Lira","3hr",0,0,0,"Homo"
3,"1613","M","Lira","4hr",0,0,0,"Homo"
3,"1613","M","Saline_lira","1hr",82,2306,8,"Homo"
3,"1613","M","Saline_lira","2hr",285,2621,79,"Homo"
3,"1613","M","Saline_lira","3hr",204,2149,92,"Homo"
3,"1613","M","Saline_lira","4hr",244,1989,94,"Homo"
3,"1613","M","Saline_lira","1hr",803,1736,54,"Homo"
3,"1613","M","Saline_lira","2hr",882,2744,49,"Homo"
3,"1613","M","Saline_lira","3hr",544,2965,44,"Homo"
3,"1613","M","Saline_lira","4hr",809,2701,81,"Homo"
1,"1207","M","Saline_lira","1hr",864,1468,82,"Homo"
1,"1207","M","Saline_lira","2hr",1096,2798,42,"Homo"
1,"1207","M","Saline_lira","3hr",832,2557,45,"Homo"
1,"1207","M","Saline_lira","4hr",804,850,44,"Homo"
1,"1207","M","Lira","1hr",175,1936,9,"Homo"
1,"1207","M","Lira","2hr",112,433,3,"Homo"
1,"1207","M","Lira","3hr",3,1,0,"Homo"
1,"1207","M","Lira","4hr",172,0,8,"Homo"
3,"1208","M","Saline_lira","1hr",553,2276,82,"Homo"
3,"1208","M","Saline_lira","2hr",932,2331,95,"Homo"
3,"1208","M","Saline_lira","3hr",936,2648,86,"Homo"
3,"1208","M","Saline_lira","4hr",570,1781,38,"Homo"
3,"1208","M","Lira","1hr",362,1869,9,"Homo"
3,"1208","M","Lira","2hr",896,2589,115,"Homo"
3,"1208","M","Lira","3hr",764,2982,77,"Homo"
3,"1208","M","Lira","4hr",859,2839,69,"Homo"
2,"1627","F","Saline_lira","1hr",297,500,20,"Homo"
2,"1627","F","Saline_lira","2hr",349,1060,85,"Homo"
2,"1627","F","Saline_lira","3hr",501,165,71,"Homo"
2,"1627","F","Saline_lira","4hr",157,3,40,"Homo"
2,"1627","F","Lira","1hr",265,873,9,"Homo"
2,"1627","F","Lira","2hr",241,624,15,"Homo"
2,"1627","F","Lira","3hr",233,628,26,"Homo"
2,"1627","F","Lira","4hr",222,12,19,"Homo"
2,"1615","F","Lira","1hr",7,50,35,"Homo"
2,"1615","F","Lira","2hr",4,121,33,"Homo"
2,"1615","F","Lira","3hr",610,1814,56,"Homo"
2,"1615","F","Lira","4hr",84,0,5,"Homo"
3,"4","F","Lira","1hr",77,1801,10,"Homo"
3,"4","F","Lira","2hr",30,1009,4,"Homo"
3,"4","F","Lira","3hr",42,121,5,"Homo"
3,"4","F","Lira","4hr",0,0,0,"Homo"
4,"5","F","Lira","1hr",45,3063,33,"Homo"
4,"5","F","Lira","2hr",481,1676,77,"Homo"
4,"5","F","Lira","3hr",103,314,43,"Homo"
4,"5","F","Lira","4hr",416,0,60,"Homo"
2,"1615","F","Saline_lira","1hr",398,23,66,"Homo"
2,"1615","F","Saline_lira","2hr",276,774,72,"Homo"
2,"1615","F","Saline_lira","3hr",333,2357,29,"Homo"
2,"1615","F","Saline_lira","4hr",157,563,32,"Homo"
3,"4","F","Saline_lira","1hr",522,1045,62,"Homo"
3,"4","F","Saline_lira","2hr",328,1336,43,"Homo"
3,"4","F","Saline_lira","3hr",381,687,24,"Homo"
3,"4","F","Saline_lira","4hr",0,0,0,"Homo"
4,"5","F","Saline_lira","1hr",289,2413,111,"Homo"
4,"5","F","Saline_lira","2hr",365,2877,106,"Homo"
4,"5","F","Saline_lira","3hr",127,369,60,"Homo"
4,"5","F","Saline_lira","4hr",461,0,104,"Homo"
2,"7","M","Lira","1hr",186,2727,18,"Homo"
2,"7","M","Lira","2hr",80,861,55,"Homo"
2,"7","M","Lira","3hr",78,522,55,"Homo"
2,"7","M","Lira","4hr",48,0,0,"Homo"
3,"8","F","Lira","1hr",11,1677,28,"Homo"
3,"8","F","Lira","2hr",19,0,18,"Homo"
3,"8","F","Lira","3hr",102,505,22,"Homo"
3,"8","F","Lira","4hr",0,0,0,"Homo"
2,"7","M","Saline_lira","1hr",321,3151,41,"Homo"
2,"7","M","Saline_lira","2hr",231,208,39,"Homo"
2,"7","M","Saline_lira","3hr",213,25,29,"Homo"
2,"7","M","Saline_lira","4hr",354,0,29,"Homo"
3,"8","F","Saline_lira","1hr",173,1811,88,"Homo"
3,"8","F","Saline_lira","2hr",56,246,19,"Homo"
3,"8","F","Saline_lira","3hr",159,34,94,"Homo"
3,"8","F","Saline_lira","4hr",0,60,11,"Homo"
1,"9","M","Lira","1hr",83,3982,26,"Homo"
1,"9","M","Lira","2hr",107,3572,21,"Homo"
1,"9","M","Lira","3hr",101,287,43,"Homo"
1,"9","M","Lira","4hr",134,21,32,"Homo"
3,"10","M","Lira","1hr",47,3014,16,"Homo"
3,"10","M","Lira","2hr",31,2839,12,"Homo"
3,"10","M","Lira","3hr",168,2519,20,"Homo"
3,"10","M","Lira","4hr",186,2100,19,"Homo"
2,"11","M","Lira","1hr",28,59,28,"Homo"
2,"11","M","Lira","2hr",32,0,11,"Homo"
2,"11","M","Lira","3hr",49,0,6,"Homo"
2,"11","M","Lira","4hr",3,0,21,"Homo"
3,"12","F","Lira","1hr",12,41,42,"Homo"
3,"12","F","Lira","2hr",183,3,19,"Homo"
3,"12","F","Lira","3hr",421,319,17,"Homo"
3,"12","F","Lira","4hr",0,34,0,"Homo"
4,"13","M","Lira","1hr",157,1211,14,"Homo"
4,"13","M","Lira","2hr",220,1655,16,"Homo"
4,"13","M","Lira","3hr",53,0,9,"Homo"
4,"13","M","Lira","4hr",0,0,0,"Homo"
2,"11","M","Saline_lira","1hr",93,0,44,"Homo"
2,"11","M","Saline_lira","2hr",80,0,23,"Homo"
2,"11","M","Saline_lira","3hr",45,11,35,"Homo"
2,"11","M","Saline_lira","4hr",60,1229,70,"Homo"
4,"13","M","Saline_lira","1hr",362,2034,44,"Homo"
4,"13","M","Saline_lira","2hr",150,3111,71,"Homo"
4,"13","M","Saline_lira","3hr",257,809,92,"Homo"
4,"13","M","Saline_lira","4hr",35,1416,17,"Homo"
2,"2","F","Saline_fed","1hr",559,11,62,"Homo"
2,"2","F","Saline_fed","2hr",243,0,12,"Homo"
3,"3","F","Saline_fed","1hr",513,4125,54,"Homo"
3,"3","F","Saline_fed","2hr",561,2709,53,"Homo"
2,"10","M","Saline_fed","1hr",287,686,91,"Homo"
2,"10","M","Saline_fed","2hr",580,798,86,"Homo"
3,"13","M","Saline_fed","1hr",75,702,45,"Homo"
3,"13","M","Saline_fed","2hr",102,501,85,"Homo"
1,"1","F","Fed","1hr",175,702,16,"Homo"
1,"1","F","Fed","2hr",68,2936,6,"Homo"
2,"2","F","Fed","1hr",265,39,7,"Homo"
2,"2","F","Fed","2hr",41,973,4,"Homo"
3,"3","F","Fed","1hr",0,5124,3,"Homo"
3,"3","F","Fed","2hr",173,4567,51,"Homo"
4,"12","F","Fed","1hr",184,411,2,"Homo"
4,"12","F","Fed","2hr",38,0,24,"Homo"
1,"9","M","Fed","1hr",69,267,24,"Homo"
1,"9","M","Fed","2hr",18,0,9,"Homo"
2,"10","M","Fed","1hr",77,2263,2,"Homo"
2,"10","M","Fed","2hr",363,1621,38,"Homo"
3,"13","M","Fed","1hr",41,507,13,"Homo"
3,"13","M","Fed","2hr",0,2745,9,"Homo"
1,"1","F","Saline_fed","1hr",271,3511,41,"Homo"
1,"1","F","Saline_fed","2hr",434,4535,38,"Homo"
2,"2","F","Saline_fed","1hr",284,1658,66,"Homo"
2,"2","F","Saline_fed","2hr",145,16,34,"Homo"
3,"2","F","Saline_fed","1hr",957,1340,99,"Homo"
3,"2","F","Saline_fed","2hr",172,2,7,"Homo"
4,"12","F","Saline_fed","1hr",109,1328,52,"Homo"
4,"12","F","Saline_fed","2hr",16,104,1,"Homo"
1,"23","F","Saline_licl","1hr",271,3511,41,"Homo"
1,"23","F","Saline_licl","2hr",434,4535,38,"Homo"
2,"24","F","Saline_licl","1hr",284,1658,66,"Homo"
2,"24","F","Saline_licl","2hr",145,16,34,"Homo"
4,"26","F","Saline_licl","1hr",109,1328,52,"Homo"
4,"26","F","Saline_licl","2hr",16,104,1,"Homo"
1,"23","F","Fed","1hr",414,5275,0,"Homo"
1,"23","F","Fed","2hr",0,1225,1,"Homo"
4,"26","F","Fed","1hr",177,2541,5,"Homo"
4,"26","F","Fed","2hr",0,1008,8,"Homo"
1,"23","F","LiCl","1hr",152,41,28,"Homo"
1,"23","F","LiCl","2hr",40,0,20,"Homo"
2,"24","F","LiCl","1hr",490,1024,39,"Homo"
2,"24","F","LiCl","2hr",147,12,63,"Homo"
4,"26","F","LiCl","1hr",36,17,7,"Homo"
4,"26","F","LiCl","2hr",29,0,13,"Homo"
1,"20","M","Saline_licl","1hr",297,2747,36,"Homo"
1,"20","M","Saline_licl","2hr",234,3902,74,"Homo"
3,"27","F","Saline_licl","1hr",331,2396,74,"Homo"
3,"27","F","Saline_licl","2hr",237,2988,39,"Homo"
1,"20","M","LiCl","1hr",282,8,13,"Homo"
1,"20","M","LiCl","2hr",0,4620,3,"Homo"
3,"27","F","LiCl","1hr",317,873,43,"Homo"
3,"27","F","LiCl","2hr",141,3197,12,"Homo"
3,"1790","M","Saline_licl","1hr",966,3000,53,"Homo"
3,"1790","M","Saline_licl","2hr",807,1566,38,"Homo"
2,"1710","M","Saline_licl","1hr",197,2954,44,"Homo"
2,"1710","M","Saline_licl","2hr",128,4148,6,"Homo"
3,"1790","M","LiCl","1hr",569,38,29,"Homo"
3,"1790","M","LiCl","2hr",291,0,39,"Homo"
2,"1710","M","LiCl","1hr",462,698,23,"Homo"
2,"1710","M","LiCl","2hr",11,3915,9,"Homo"
1,"1788","F","Saline_orfo","1hr",160,2986,64,"Homo"
1,"1788","F","Saline_orfo","2hr",126,1055,45,"Homo"
2,"1789","F","Saline_orfo","1hr",901,0,97,"Homo"
2,"1789","F","Saline_orfo","2hr",691,0,43,"Homo"
3,"1790","M","Saline_orfo","1hr",740,3874,64,"Homo"
3,"1790","M","Saline_orfo","2hr",933,4276,53,"Homo"
2,"1710","M","Saline_orfo","1hr",513,4118,94,"Homo"
2,"1710","M","Saline_orfo","2hr",304,5355,44,"Homo"
1,"1788","F","Orfo","1hr",167,2922,60,"Homo"
1,"1788","F","Orfo","2hr",87,2156,60,"Homo"
2,"1789","F","Orfo","1hr",342,0,40,"Homo"
2,"1789","F","Orfo","2hr",764,0,43,"Homo"
3,"1790","M","Orfo","1hr",324,1285,18,"Homo"
3,"1790","M","Orfo","2hr",705,4002,29,"Homo"
2,"1710","M","Orfo","1hr",418,3049,49,"Homo"
2,"1710","M","Orfo","2hr",471,4920,32,"Homo"
4,"93","M","Saline_orfo","1hr",216,1999,106,"Homo"
4,"93","M","Saline_orfo","2hr",114,3302,143,"Homo"
4,"93","M","Orfo","1hr",302,1376,43,"Homo"
4,"93","M","Orfo","2hr",125,3954,75,"Homo"
3,"25","F","Saline_fed","1hr",957,1340,99,"Homo"
3,"25","F","Saline_fed","2hr",172,2,7,"Homo"
3,"25","F","Saline_fed","1hr",957,1340,99,"Homo"
3,"25","F","Saline_fed","2hr",172,2,7,"Homo"
3,"25","F","Fed","1hr",667,1993,2,"Homo"
3,"25","F","Fed","2hr",109,1135,3,"Homo"
2,"24","F","Fed","1hr",348,2918,14,"Homo"
2,"24","F","Fed","2hr",218,2168,63,"Homo"
1,"1840","F","Saline_orfo","1hr",103,2489,28,"Homo"
1,"1840","F","Saline_orfo","2hr",36,562,57,"Homo"
2,"1826","F","Saline_orfo","1hr",878,568,83,"Homo"
2,"1826","F","Saline_orfo","2hr",651,984,51,"Homo"
3,"1829","F","Saline_orfo","1hr",186,1945,51,"Homo"
3,"1829","F","Saline_orfo","2hr",103,1636,73,"Homo"
4,"93","M","Saline_licl","1hr",167,3,58,"Homo"
4,"93","M","Saline_licl","2hr",127,739,108,"Homo"
3,"96","M","Saline_orfo","1hr",1093,3476,20,"Homo"
3,"96","M","Saline_orfo","2hr",966,4802,47,"Homo"
1,"1840","F","Orfo","1hr",164,2035,36,"Homo"
1,"1840","F","Orfo","2hr",6,0,0,"Homo"
2,"1826","F","Orfo","1hr",890,177,57,"Homo"
2,"1826","F","Orfo","2hr",533,299,63,"Homo"
3,"1829","F","Orfo","1hr",182,831,69,"Homo"
3,"1829","F","Orfo","2hr",86,0,3,"Homo"
4,"93","M","LiCl","1hr",309,140,57,"Homo"
4,"93","M","LiCl","2hr",84,31,88,"Homo"
1,"1838","M","LiCl","1hr",189,2002,36,"Homo"
1,"1838","M","LiCl","2hr",85,2248,18,"Homo"
3,"96","M","Orfo","1hr",1130,3125,30,"Homo"
3,"96","M","Orfo","2hr",685,4479,5,"Homo"
1,"2784","M","Saline_orfo","1hr",186,3759,42,"Homo"
1,"2784","M","Saline_orfo","2hr",132,3698,53,"Homo"
2,"2785","M","Saline_orfo","1hr",1202,446,63,"Homo"
2,"2785","M","Saline_orfo","2hr",849,1085,69,"Homo"
2,"1836","F","Saline_orfo","1hr",146,0,89,"Homo"
2,"1836","F","Saline_orfo","2hr",173,0,150,"Homo"
3,"1837","F","Saline_orfo","1hr",939,3463,39,"Homo"
3,"1837","F","Saline_orfo","2hr",946,4498,20,"Homo"
4,"2782","M","Saline_orfo","1hr",489,1265,107,"Homo"
4,"2782","M","Saline_orfo","2hr",412,1125,27,"Homo"
1,"2784","M","Orfo","1hr",157,2718,55,"Homo"
1,"2784","M","Orfo","2hr",91,3386,46,"Homo"
2,"2785","M","Orfo","1hr",1642,760,55,"Homo"
2,"2785","M","Orfo","2hr",569,3386,46,"Homo"
2,"1836","F","Orfo","1hr",202,0,176,"Homo"
2,"1836","F","Orfo","2hr",133,0,20,"Homo"
3,"1837","F","Orfo","1hr",849,3524,22,"Homo"
3,"1837","F","Orfo","2hr",464,4426,17,"Homo"
4,"2782","M","Orfo","1hr",698,1239,37,"Homo"
4,"2782","M","Orfo","2hr",506,3337,23,"Homo"
